codigo_hoja,anios_con_hoja,nombre_confirmado,latitud,longitud,estado
CE,2020;2021;2022;2023;2024;2025,,,,requiere_catalogo_de_estaciones
NE,2020;2021;2022;2023;2024;2025,,,,requiere_catalogo_de_estaciones
NE2,2020;2021;2022;2023;2024;2025,,,,requiere_catalogo_de_estaciones
NE3,2021;2022;2023;2024;2025,,,,requiere_catalogo_de_estaciones
NO,2020;2021;2022;2023;2024;2025,,,,requiere_catalogo_de_estaciones
NO2,2020;2021;2022;2023;2024;2025,,,,requiere_catalogo_de_estaciones
NO3,2022;2023;2024;2025,,,,requiere_catalogo_de_estaciones
NTE,2020;2021;2022;2023;2024;2025,,,,requiere_catalogo_de_estaciones
NTE2,2020;2021;2022;2023;2024;2025,,,,requiere_catalogo_de_estaciones
SE,2020;2021;2022;2023;2024;2025,,,,requiere_catalogo_de_estaciones
SE2,2020;2021;2022;2023;2024;2025,,,,requiere_catalogo_de_estaciones
SE3,2020;2021;2022;2023;2024;2025,,,,requiere_catalogo_de_estaciones
SO,2020;2021;2022;2023;2024;2025,,,,requiere_catalogo_de_estaciones
SO2,2020;2021;2022;2023;2024;2025,,,,requiere_catalogo_de_estaciones
SUR,2020;2021;2022;2023;2024;2025,,,,requiere_catalogo_de_estaciones
