"archivo","columna","tipo","unidad","descripcion","fuente_o_regla","dominio","pct_nulos_antes","pct_nulos_despues"
"sima_horario_limpio_AAAA.csv","estacion","texto","","Código de hoja/estación SIMA (ver data/metadata/estaciones.csv). NO2 y SO2 son estaciones, no variables","Nombre de la hoja del Excel","CE, NE, NE2, NE3, NO, NO2, NO3, NTE, NTE2, SE, SE2, SE3, SO, SO2, SUR","no aplica (clave)","0"
"sima_horario_limpio_AAAA.csv","fecha_hora","texto AAAA-MM-DD HH:MM:SS","hora local","Marca horaria (00:00 a 23:00). Hora local ingenua sin zona; sin cambio de horario visible. Confirmar con SIMA","Excel BD AAAA","2020-01-01 00:00:00 a 2025-12-31 23:00:00","no aplica (clave)","0"
"sima_horario_limpio_AAAA.csv","confinamiento_2020","0/1","","1 entre 2020-04-01 y 2020-05-31 (incluye ambos días), 0 en el resto","Definición del equipo","0, 1","no aplica (derivada)","0"
"sima_horario_limpio_AAAA.csv","CO","numérico","ppm","Monóxido de carbono. Vacío = sin valor válido tras la limpieza. Contaminantes: rango de operación del año; meteorología: rango del fabricante; interpolado si f_ = I; una imputación que incumple una regla se revierte a vacío, f_ = X","Excel BD AAAA + reglas de scripts/03_limpiar.R","Validez: operación del año, 0 a 8–20 (máx. según año); observado: 0 a 17.71","14.2","13.7"
"sima_horario_limpio_AAAA.csv","NO","numérico","ppb","Monóxido de nitrógeno. Vacío = sin valor válido tras la limpieza. Contaminantes: rango de operación del año; meteorología: rango del fabricante; interpolado si f_ = I; una imputación que incumple una regla se revierte a vacío, f_ = X","Excel BD AAAA + reglas de scripts/03_limpiar.R","Validez: operación del año, 0 a 350–500 (máx. según año); observado: 0.3 a 500","17.6","16.7"
"sima_horario_limpio_AAAA.csv","NO2","numérico","ppb","Dióxido de nitrógeno. Vacío = sin valor válido tras la limpieza. Contaminantes: rango de operación del año; meteorología: rango del fabricante; interpolado si f_ = I; una imputación que incumple una regla se revierte a vacío, f_ = X","Excel BD AAAA + reglas de scripts/03_limpiar.R","Validez: operación del año, 0 a 100–200 (máx. según año); observado: 0 a 188.6","18.3","17.7"
"sima_horario_limpio_AAAA.csv","NOX","numérico","ppb","Óxidos de nitrógeno (NO + NO2). Vacío = sin valor válido tras la limpieza. Contaminantes: rango de operación del año; meteorología: rango del fabricante; interpolado si f_ = I; una imputación que incumple una regla se revierte a vacío, f_ = X","Excel BD AAAA + reglas de scripts/03_limpiar.R","Validez: operación del año, 0 a 400–500 (máx. según año); observado: 0.5 a 500","17.7","16.7"
"sima_horario_limpio_AAAA.csv","O3","numérico","ppb","Ozono. Vacío = sin valor válido tras la limpieza. Contaminantes: rango de operación del año; meteorología: rango del fabricante; interpolado si f_ = I; una imputación que incumple una regla se revierte a vacío, f_ = X","Excel BD AAAA + reglas de scripts/03_limpiar.R","Validez: operación del año, 0 a 153–185 (máx. según año); observado: 0.5 a 184","15.6","14.4"
"sima_horario_limpio_AAAA.csv","PM10","numérico","ug/m3","Material particulado < 10 µm. Vacío = sin valor válido tras la limpieza. Contaminantes: rango de operación del año; meteorología: rango del fabricante; interpolado si f_ = I; una imputación que incumple una regla se revierte a vacío, f_ = X","Excel BD AAAA + reglas de scripts/03_limpiar.R","Validez: operación del año, 0 a 800–999 (máx. según año); observado: 1 a 999","5.7","4.7"
"sima_horario_limpio_AAAA.csv","PM2.5","numérico","ug/m3","Material particulado < 2.5 µm. Vacío = sin valor válido tras la limpieza. Contaminantes: rango de operación del año; meteorología: rango del fabricante; interpolado si f_ = I; una imputación que incumple una regla se revierte a vacío, f_ = X","Excel BD AAAA + reglas de scripts/03_limpiar.R","Validez: operación del año, 0 a 205.9–999 (máx. según año); observado: 0 a 763","26.0","23.2"
"sima_horario_limpio_AAAA.csv","PRS","numérico","mm Hg","Presión atmosférica. Vacío = sin valor válido tras la limpieza. Contaminantes: rango de operación del año; meteorología: rango del fabricante; interpolado si f_ = I; una imputación que incumple una regla se revierte a vacío, f_ = X","Excel BD AAAA + reglas de scripts/03_limpiar.R","Validez: fabricante, 449.9 a 824.9; S si salto > 10 mm Hg; observado: 680 a 750","6.1","5.7"
"sima_horario_limpio_AAAA.csv","RAINF","numérico","mm/h","Precipitación, tal como viene en el Excel (sin conversión; la unidad no está confirmada). Se invalida (F) lo que supera el máximo de operación del año. Vacío = sin valor válido","Excel BD AAAA + reglas de scripts/03_limpiar.R","Validez: 0 a máx. de operación del año (25–80); observado: 0 a 74","5.8","5.8"
"sima_horario_limpio_AAAA.csv","RH","numérico","%","Humedad relativa. Vacío = sin valor válido tras la limpieza. Contaminantes: rango de operación del año; meteorología: rango del fabricante; interpolado si f_ = I; una imputación que incumple una regla se revierte a vacío, f_ = X","Excel BD AAAA + reglas de scripts/03_limpiar.R","Validez: fabricante, 0 a 100; E contra la red; observado: 0 a 100","12.3","12.3"
"sima_horario_limpio_AAAA.csv","SO2","numérico","ppb","Dióxido de azufre. Vacío = sin valor válido tras la limpieza. Contaminantes: rango de operación del año; meteorología: rango del fabricante; interpolado si f_ = I; una imputación que incumple una regla se revierte a vacío, f_ = X","Excel BD AAAA + reglas de scripts/03_limpiar.R","Validez: operación del año, 0 a 150–405 (máx. según año); observado: 0 a 404.7","15.9","13.7"
"sima_horario_limpio_AAAA.csv","SR","numérico","kW/m2","Radiación solar. Vacío = sin valor válido tras la limpieza. Contaminantes: rango de operación del año; meteorología: rango del fabricante; interpolado si f_ = I; una imputación que incumple una regla se revierte a vacío, f_ = X","Excel BD AAAA + reglas de scripts/03_limpiar.R","Validez: fabricante, 0 a 1.4; M si SR nocturna (D15); observado: 0 a 1.4","4.7","11.0"
"sima_horario_limpio_AAAA.csv","TOUT","numérico","°C","Temperatura. Vacío = sin valor válido tras la limpieza. Contaminantes: rango de operación del año; meteorología: rango del fabricante; interpolado si f_ = I; una imputación que incumple una regla se revierte a vacío, f_ = X","Excel BD AAAA + reglas de scripts/03_limpiar.R","Validez: fabricante, -50 a 50; L si |TOUT| ≥ 49.9; E contra la red; observado: -8.75 a 45.1","7.9","7.5"
"sima_horario_limpio_AAAA.csv","WSR","numérico","km/h","Velocidad del viento (validada, sin imputar). Vacío = sin valor válido tras la limpieza. Contaminantes: rango de operación del año; meteorología: rango del fabricante","Excel BD AAAA + reglas de scripts/03_limpiar.R","Validez: fabricante, 0 a 180; E contra la red (D15); observado: 0.1 a 44.5","7.9","8.5"
"sima_horario_limpio_AAAA.csv","WDR","numérico","grados","Dirección del viento, grados de donde sopla (validada, sin imputar). Vacío = sin valor válido tras la limpieza. Contaminantes: rango de operación del año; meteorología: rango del fabricante","Excel BD AAAA + reglas de scripts/03_limpiar.R","Validez: fabricante, 0 a 360; E con WSR (D15); observado: 1 a 360","9.3","9.9"
"sima_horario_limpio_AAAA.csv","viento_u","numérico","m/s","Componente este-oeste del viento = -WSR/3.6*sin(WDR). Interpolada si f_uv = I","Derivada de WSR y WDR","Derivada de WSR y WDR válidos; observado: -10.39 a 10.12","no aplica (derivada)","12.0"
"sima_horario_limpio_AAAA.csv","viento_v","numérico","m/s","Componente norte-sur del viento = -WSR/3.6*cos(WDR). Interpolada si f_uv = I","Derivada de WSR y WDR","Derivada de WSR y WDR válidos; observado: -11.46 a 9.464","no aplica (derivada)","12.0"
"sima_horario_limpio_AAAA.csv","f_CO","texto (1 letra)","","Bandera de la hora: V válida original; N falta original; F fuera de rango duro; P regla de las notas del PDF; S salto horario (>10 °C o >10 mm Hg); R PM2.5 > PM10 (se invalidan ambas); K racha >=24 h de valores idénticos invalidada; L lectura de TOUT próxima al límite del instrumento (|TOUT| >= 49.9), excluida por sospecha de saturación o fallo; E consistencia espacial, no se imputa (WSR/WDR/u/v, regla D15: hora con WSR > mediana de la red + 30 km/h con >= 5 estaciones, o el día entero si tiene >= 3 horas marcadas; TOUT a más de 10 °C o RH a más de 40 pp de la mediana de la red en esa hora, con >= 5 estaciones); M radiación solar nocturna (regla D15: media de SR entre 00 y 04 h > 0.02 kW/m2 con >= 3 lecturas; invalida SR en las 24 h del día, no se imputa); C racha >=6 h idéntica marcada y conservada; I imputada (interpolación lineal, hueco <=3 h, revalidada); X imputación revertida (el valor interpolado incumplía rango, salto o PM2.5 <= PM10 y volvió a NA; nunca se modifica un valor original). En horas I o X se pierde el motivo original de invalidez","scripts/03_limpiar.R","V válida original; N falta original; F fuera de rango; K racha ≥ 24 h idéntica; C racha ≥ 6 h conservada; I imputada","no aplica (derivada)","0"
"sima_horario_limpio_AAAA.csv","f_NO","texto (1 letra)","","Bandera de NO (mismos códigos que f_CO)","scripts/03_limpiar.R","V válida original; N falta original; F fuera de rango; K racha ≥ 24 h idéntica; C racha ≥ 6 h conservada; I imputada","no aplica (derivada)","0"
"sima_horario_limpio_AAAA.csv","f_NO2","texto (1 letra)","","Bandera de NO2 (mismos códigos que f_CO)","scripts/03_limpiar.R","V válida original; N falta original; K racha ≥ 24 h idéntica; C racha ≥ 6 h conservada; I imputada","no aplica (derivada)","0"
"sima_horario_limpio_AAAA.csv","f_NOX","texto (1 letra)","","Bandera de NOX (mismos códigos que f_CO)","scripts/03_limpiar.R","V válida original; N falta original; F fuera de rango; K racha ≥ 24 h idéntica; C racha ≥ 6 h conservada; I imputada","no aplica (derivada)","0"
"sima_horario_limpio_AAAA.csv","f_O3","texto (1 letra)","","Bandera de O3 (mismos códigos que f_CO)","scripts/03_limpiar.R","V válida original; N falta original; F fuera de rango; C racha ≥ 6 h conservada; I imputada","no aplica (derivada)","0"
"sima_horario_limpio_AAAA.csv","f_PM10","texto (1 letra)","","Bandera de PM10 (mismos códigos que f_CO)","scripts/03_limpiar.R","V válida original; N falta original; F fuera de rango; R PM2.5 > PM10; K racha ≥ 24 h idéntica; C racha ≥ 6 h conservada; I imputada; X imputación revertida","no aplica (derivada)","0"
"sima_horario_limpio_AAAA.csv","f_PM2.5","texto (1 letra)","","Bandera de PM2.5 (mismos códigos que f_CO)","scripts/03_limpiar.R","V válida original; N falta original; R PM2.5 > PM10; K racha ≥ 24 h idéntica; C racha ≥ 6 h conservada; I imputada; X imputación revertida","no aplica (derivada)","0"
"sima_horario_limpio_AAAA.csv","f_PRS","texto (1 letra)","","Bandera de PRS (mismos códigos que f_CO)","scripts/03_limpiar.R","V válida original; N falta original; P regla de notas del PDF; S salto horario; K racha ≥ 24 h idéntica; C racha ≥ 6 h conservada; I imputada; X imputación revertida","no aplica (derivada)","0"
"sima_horario_limpio_AAAA.csv","f_RAINF","texto (1 letra)","","Bandera de RAINF (mismos códigos que f_CO; RAINF no se imputa)","scripts/03_limpiar.R","V válida original; N falta original; F fuera de rango; C racha ≥ 6 h conservada","no aplica (derivada)","0"
"sima_horario_limpio_AAAA.csv","f_RH","texto (1 letra)","","Bandera de RH (mismos códigos que f_CO)","scripts/03_limpiar.R","V válida original; N falta original; F fuera de rango; E consistencia espacial; C racha ≥ 6 h conservada; I imputada; X imputación revertida","no aplica (derivada)","0"
"sima_horario_limpio_AAAA.csv","f_SO2","texto (1 letra)","","Bandera de SO2 (mismos códigos que f_CO)","scripts/03_limpiar.R","V válida original; N falta original; C racha ≥ 6 h conservada; I imputada","no aplica (derivada)","0"
"sima_horario_limpio_AAAA.csv","f_SR","texto (1 letra)","","Bandera de SR (mismos códigos que f_CO)","scripts/03_limpiar.R","V válida original; N falta original; F fuera de rango; P regla de notas del PDF; M SR nocturna (D15); C racha ≥ 6 h conservada; I imputada; X imputación revertida","no aplica (derivada)","0"
"sima_horario_limpio_AAAA.csv","f_TOUT","texto (1 letra)","","Bandera de TOUT (mismos códigos que f_CO)","scripts/03_limpiar.R","V válida original; N falta original; F fuera de rango; S salto horario; L TOUT saturada; E consistencia espacial; I imputada","no aplica (derivada)","0"
"sima_horario_limpio_AAAA.csv","f_WSR","texto (1 letra)","","Bandera de WSR (mismos códigos que f_CO)","scripts/03_limpiar.R","V válida original; N falta original; F fuera de rango; P regla de notas del PDF; E consistencia espacial; C racha ≥ 6 h conservada","no aplica (derivada)","0"
"sima_horario_limpio_AAAA.csv","f_WDR","texto (1 letra)","","Bandera de WDR (mismos códigos que f_CO)","scripts/03_limpiar.R","V válida original; N falta original; F fuera de rango; E consistencia espacial","no aplica (derivada)","0"
"sima_horario_limpio_AAAA.csv","f_uv","texto (1 letra)","","Bandera de viento u/v (según WSR y WDR) (mismos códigos que f_CO)","scripts/03_limpiar.R","V válida original; N falta original; F fuera de rango; P regla de notas del PDF; E consistencia espacial; I imputada","no aplica (derivada)","0"
"sima_horario_limpio_AAAA.csv","nox_inconsistente","0/1","","Calculada sobre los valores FINALES publicados (después de imputar y revertir): 1 si |NOX-(NO+NO2)| > max(1 ppb, 10% de NOX); 0 si no; vacío solo si falta alguna de las tres concentraciones. Solo bandera, no invalida. Los diagnósticos con valores solo observados están en output/diagnostico/nox_inconsistencia_por_estacion*.csv (columnas *_obs)","scripts/03_limpiar.R","0, 1; vacío si falta NO, NO2 o NOX","no aplica (derivada)","18.2"
"sima_horario_limpio_AAAA.csv","f_obs_TOUT","texto (1 letra)","","Bandera de TOUT en la etapa observada, antes de imputar (mismos códigos que f_CO, sin I ni X). Conserva la causa de invalidez (p. ej. E o L) aunque la hora se imputara; sirve para comprobar que las horas E/L nunca se imputan","scripts/03_limpiar.R","V válida original; N falta original; F fuera de rango; S salto horario; L TOUT saturada; E consistencia espacial","no aplica (derivada)","0"
"sima_horario_limpio_AAAA.csv","f_obs_RH","texto (1 letra)","","Bandera de RH en la etapa observada, antes de imputar (mismos códigos que f_obs_TOUT)","scripts/03_limpiar.R","V válida original; N falta original; F fuera de rango; E consistencia espacial; C racha ≥ 6 h conservada","no aplica (derivada)","0"
"sima_diario_2020_2025.csv","estacion","texto","","Código de estación","Hoja del Excel","CE, NE, NE2, NE3, NO, NO2, NO3, NTE, NTE2, SE, SE2, SE3, SO, SO2, SUR","no aplica (clave)","0"
"sima_diario_2020_2025.csv","fecha","fecha AAAA-MM-DD","","Día calendario local","","2020-01-01 a 2025-12-31","no aplica (clave)","0"
"sima_diario_2020_2025.csv","anio","entero","","Año","","2020 a 2025","no aplica (derivada)","0"
"sima_diario_2020_2025.csv","temporada","texto","","Temporada regional: seca_fria (nov-feb), seca_calida (mar-may), calida_humeda (jun-oct). Definición operativa del equipo; nombres según Hernández-Romero et al. (2026); cortes según la climatología del PIGECA 2023-2033","Definición del equipo","calida_humeda, seca_calida, seca_fria","no aplica (derivada)","0"
"sima_diario_2020_2025.csv","confinamiento_2020","0/1","","1 entre 2020-04-01 y 2020-05-31","Definición del equipo","0, 1","no aplica (derivada)","0"
"sima_diario_2020_2025.csv","CO","numérico","ppm","Media diaria de las horas válidas (incluye imputadas); vacío si < 18 h válidas","Agregado de la tabla horaria","Validez por hora: operación del año, 0 a 8–20 (máx. según año); observado (media diaria): 0.05 a 9.2","14.2","14.7"
"sima_diario_2020_2025.csv","NO","numérico","ppb","Media diaria de las horas válidas (incluye imputadas); vacío si < 18 h válidas","Agregado de la tabla horaria","Validez por hora: operación del año, 0 a 350–500 (máx. según año); observado (media diaria): 0.5 a 327.4","17.6","18.1"
"sima_diario_2020_2025.csv","NO2","numérico","ppb","Media diaria de las horas válidas (incluye imputadas); vacío si < 18 h válidas","Agregado de la tabla horaria","Validez por hora: operación del año, 0 a 100–200 (máx. según año); observado (media diaria): 0.05 a 95.18","18.3","18.9"
"sima_diario_2020_2025.csv","NOX","numérico","ppb","Media diaria de las horas válidas (incluye imputadas); vacío si < 18 h válidas","Agregado de la tabla horaria","Validez por hora: operación del año, 0 a 400–500 (máx. según año); observado (media diaria): 0.5 a 381.8","17.7","18.0"
"sima_diario_2020_2025.csv","PM10","numérico","ug/m3","Media diaria de las horas válidas (incluye imputadas); vacío si < 18 h válidas","Agregado de la tabla horaria","Validez por hora: operación del año, 0 a 800–999 (máx. según año); observado (media diaria): 4 a 333.7","5.7","5.8"
"sima_diario_2020_2025.csv","PM2.5","numérico","ug/m3","Media diaria de las horas válidas (incluye imputadas); vacío si < 18 h válidas","Agregado de la tabla horaria","Validez por hora: operación del año, 0 a 205.9–999 (máx. según año); observado (media diaria): 2.211 a 165.7","26.0","25.2"
"sima_diario_2020_2025.csv","SO2","numérico","ppb","Media diaria de las horas válidas (incluye imputadas); vacío si < 18 h válidas","Agregado de la tabla horaria","Validez por hora: operación del año, 0 a 150–405 (máx. según año); observado (media diaria): 0.575 a 61.78","15.9","15.0"
"sima_diario_2020_2025.csv","TOUT","numérico","°C","Media diaria de las horas válidas (incluye imputadas); vacío si < 18 h válidas","Agregado de la tabla horaria","Validez por hora: fabricante, -50 a 50; L si |TOUT| ≥ 49.9; E contra la red; observado (media diaria): -3.749 a 36.78","7.9","8.3"
"sima_diario_2020_2025.csv","RH","numérico","%","Media diaria de las horas válidas (incluye imputadas); vacío si < 18 h válidas","Agregado de la tabla horaria","Validez por hora: fabricante, 0 a 100; E contra la red; observado (media diaria): 5.583 a 98.28","12.3","13.3"
"sima_diario_2020_2025.csv","SR","numérico","kW/m2","Media diaria de las horas válidas (incluye imputadas); vacío si < 18 h válidas","Agregado de la tabla horaria","Validez por hora: fabricante, 0 a 1.4; M si SR nocturna (D15); observado (media diaria): 0 a 0.539","4.7","12.0"
"sima_diario_2020_2025.csv","PRS","numérico","mm Hg","Media diaria de las horas válidas (incluye imputadas); vacío si < 18 h válidas","Agregado de la tabla horaria","Validez por hora: fabricante, 449.9 a 824.9; S si salto > 10 mm Hg; observado (media diaria): 681.8 a 747.7","6.1","6.5"
"sima_diario_2020_2025.csv","horas_lluvia","entero","horas","Número de horas del día con 0 < RAINF <= máximo de operación del año; vacío si < 18 h válidas de RAINF. La cantidad de lluvia no se usa porque la unidad no está confirmada","Agregado de la tabla horaria","0 a 24; observado: 0 a 24","no aplica (derivada)","5.8"
"sima_diario_2020_2025.csv","llovio","0/1","","1 si horas_lluvia > 0","Agregado de la tabla horaria","0, 1","no aplica (derivada)","5.8"
"sima_diario_2020_2025.csv","O3_max8h","numérico","ppb","Máximo diario del promedio móvil de 8 h (ventana por hora inicial, >= 6 de 8 horas válidas); vacío si < 18 h válidas de O3 en el día","Agregado de la tabla horaria","Derivada de O3 válido (≥ 6 de 8 h); observado: 1.75 a 138.3","no aplica (derivada)","15.4"
"sima_diario_2020_2025.csv","viento_u","numérico","m/s","Media diaria de la componente u; vacío si < 18 h válidas","Agregado de la tabla horaria","Derivada de WSR y WDR válidos; observado: -6.003 a 5.28","no aplica (derivada)","13.6"
"sima_diario_2020_2025.csv","viento_v","numérico","m/s","Media diaria de la componente v","Agregado de la tabla horaria","Derivada de WSR y WDR válidos; observado: -6.619 a 5.544","no aplica (derivada)","13.6"
"sima_diario_2020_2025.csv","viento_rapidez_ms","numérico","m/s","Media diaria de la rapidez horaria sqrt(u^2+v^2)","Agregado de la tabla horaria","≥ 0; observado: 0.179 a 7.527","no aplica (derivada)","13.6"
"sima_diario_2020_2025.csv","n_horas_CO","entero","horas","Número de horas válidas (incluye imputadas) del día para CO","Agregado de la tabla horaria","0 a 24; observado: 0 a 24","no aplica (derivada)","0"
"sima_diario_2020_2025.csv","n_horas_NO","entero","horas","Número de horas válidas (incluye imputadas) del día para NO","Agregado de la tabla horaria","0 a 24; observado: 0 a 24","no aplica (derivada)","0"
"sima_diario_2020_2025.csv","n_horas_NO2","entero","horas","Número de horas válidas (incluye imputadas) del día para NO2","Agregado de la tabla horaria","0 a 24; observado: 0 a 24","no aplica (derivada)","0"
"sima_diario_2020_2025.csv","n_horas_NOX","entero","horas","Número de horas válidas (incluye imputadas) del día para NOX","Agregado de la tabla horaria","0 a 24; observado: 0 a 24","no aplica (derivada)","0"
"sima_diario_2020_2025.csv","n_horas_PM10","entero","horas","Número de horas válidas (incluye imputadas) del día para PM10","Agregado de la tabla horaria","0 a 24; observado: 0 a 24","no aplica (derivada)","0"
"sima_diario_2020_2025.csv","n_horas_PM2.5","entero","horas","Número de horas válidas (incluye imputadas) del día para PM2.5","Agregado de la tabla horaria","0 a 24; observado: 0 a 24","no aplica (derivada)","0"
"sima_diario_2020_2025.csv","n_horas_SO2","entero","horas","Número de horas válidas (incluye imputadas) del día para SO2","Agregado de la tabla horaria","0 a 24; observado: 0 a 24","no aplica (derivada)","0"
"sima_diario_2020_2025.csv","n_horas_TOUT","entero","horas","Número de horas válidas (incluye imputadas) del día para TOUT","Agregado de la tabla horaria","0 a 24; observado: 0 a 24","no aplica (derivada)","0"
"sima_diario_2020_2025.csv","n_horas_RH","entero","horas","Número de horas válidas (incluye imputadas) del día para RH","Agregado de la tabla horaria","0 a 24; observado: 0 a 24","no aplica (derivada)","0"
"sima_diario_2020_2025.csv","n_horas_SR","entero","horas","Número de horas válidas (incluye imputadas) del día para SR","Agregado de la tabla horaria","0 a 24; observado: 0 a 24","no aplica (derivada)","0"
"sima_diario_2020_2025.csv","n_horas_PRS","entero","horas","Número de horas válidas (incluye imputadas) del día para PRS","Agregado de la tabla horaria","0 a 24; observado: 0 a 24","no aplica (derivada)","0"
"sima_diario_2020_2025.csv","n_horas_viento","entero","horas","Número de horas válidas del día con componentes u y v","Agregado de la tabla horaria","0 a 24; observado: 0 a 24","no aplica (derivada)","0"
"sima_diario_2020_2025.csv","n_horas_O3_max8h","entero","horas","Número de horas válidas de O3 en el día","Agregado de la tabla horaria","0 a 24; observado: 0 a 24","no aplica (derivada)","0"
"sima_diario_2020_2025.csv","n_horas_RAINF","entero","horas","Número de horas válidas (incluye imputadas) del día para RAINF","Agregado de la tabla horaria","0 a 24; observado: 0 a 24","no aplica (derivada)","0"
"sima_diario_2020_2025.csv","n_horas_nox_inconsistente","entero","horas","Horas del día con nox_inconsistente = 1 (bandera final)","Agregado de la tabla horaria","0 a 24; observado: 0 a 24","no aplica (derivada)","0"
"sima_diario_2020_2025.csv","en_nucleo_A","0/1","","1 si el estación-día está completo en el núcleo A: PM10, O3_max8h, NO2, CO, SO2, TOUT, RH, SR, viento (u/v), PRS y horas_lluvia con >= 18 h válidas. Núcleo de sensibilidad","scripts/03_limpiar.R","0, 1","no aplica (derivada)","0"
"sima_diario_2020_2025.csv","en_nucleo_B","0/1","","1 si el estación-día está completo en el núcleo B = A + PM2.5. Conjunto principal de modelado","scripts/03_limpiar.R","0, 1","no aplica (derivada)","0"
"sima_diario_2020_2025.csv","en_periodo_modelado","0/1","","1 si el año está entre 2021 y 2025","Decisión del equipo","0, 1","no aplica (derivada)","0"
"cobertura_dias_validos_hoja_anio.csv","estacion, anio","","","Hoja-año","",,,
"cobertura_dias_validos_hoja_anio.csv","variable","texto","","Variable diaria evaluada (viento_uv = u/v; O3 = máximo de 8 h; RAINF = suma diaria)","",,,
"cobertura_dias_validos_hoja_anio.csv","dias_totales, dias_validos","entero","días","Días del año de la hoja-año y días con >= 18 h válidas de esa variable","",,,
"cobertura_dias_validos_hoja_anio.csv","pct_dias_validos","numérico","%","100*dias_validos/dias_totales","",,,
"cobertura_dias_validos_hoja_anio.csv","cobertura_baja","0/1","","1 si pct_dias_validos < 75","Criterio del 75 % de SIMA",,,
"tabla_informe_limpieza.csv","variable","texto","","Variable (viento_uv = u/v)","",,,
"tabla_informe_limpieza.csv","horas_esperadas","entero","horas","Denominador: horas de la malla completa de todas las hojas-año (24 x días del año), incluidas las horas sin fila en el Excel","",,,
"tabla_informe_limpieza.csv","*_n / *_pct","entero / %","","Horas y % sobre horas_esperadas por categoría: faltante_original, invalidada_F/P/L/S/R/E/K/M, marcada_C (informativa), imputada_bruta (I + X), imputacion_revertida (X), imputada (neta = I, tras revertir) y faltante_final (= invalidadas y faltantes - imputadas netas)","",,,
"muestra_pm25_2021_2025.csv","estacion","texto","","Código de estación SIMA (13: excluye NE3 y NO3, que casi no miden PM2.5)","scripts/06_explorar_etapa2.R, sobre data/clean/sima_diario_2020_2025.csv","CE, NE, NE2, NO, NO2, NTE, NTE2, SE, SE2, SE3, SO, SO2, SUR","no aplica (clave)","0"
"muestra_pm25_2021_2025.csv","fecha","texto","","Día calendario local (AAAA-MM-DD)","scripts/06_explorar_etapa2.R, sobre data/clean/sima_diario_2020_2025.csv","2021-01-01 a 2025-12-31","no aplica (clave)","0"
"muestra_pm25_2021_2025.csv","anio","entero","","Año (2021-2025)","scripts/06_explorar_etapa2.R, sobre data/clean/sima_diario_2020_2025.csv","2021 a 2025","no aplica (derivada)","0"
"muestra_pm25_2021_2025.csv","temporada","texto","","seca_fria (nov-feb), seca_calida (mar-may), calida_humeda (jun-oct)","scripts/06_explorar_etapa2.R, sobre data/clean/sima_diario_2020_2025.csv","calida_humeda, seca_calida, seca_fria","no aplica (derivada)","0"
"muestra_pm25_2021_2025.csv","confinamiento_2020","entero","","Siempre 0 en esta muestra (2020 esta excluido por protocolo)","scripts/06_explorar_etapa2.R, sobre data/clean/sima_diario_2020_2025.csv","0","no aplica (derivada)","0"
"muestra_pm25_2021_2025.csv","PM2.5","numérico","","Media diaria de PM2.5 (µg/m3), ya limpia; requiere >=18 h válidas (incluye imputadas)","scripts/06_explorar_etapa2.R, sobre data/clean/sima_diario_2020_2025.csv","Validez por hora: operación del año, 0 a 205.9–999 (máx. según año); observado (media diaria): 2.211 a 165.7","26.0","0"
"muestra_pm25_2021_2025.csv","supera_25","entero","","1 si PM2.5 > 25 µg/m3 (referencia fija de comparación, no evaluación normativa); 0 si no","scripts/06_explorar_etapa2.R, sobre data/clean/sima_diario_2020_2025.csv","0, 1","no aplica (derivada)","0"
"muestra_pm25_2021_2025.csv","supera_15","entero","","1 si PM2.5 > 15 µg/m3 (sensibilidad: guía 24 h de la OMS); 0 si no","scripts/06_explorar_etapa2.R, sobre data/clean/sima_diario_2020_2025.csv","0, 1","no aplica (derivada)","0"
"muestra_pm25_2021_2025.csv","n_horas_PM2.5","entero","","Horas válidas de PM2.5 usadas en la media diaria (observadas + imputadas, >=18)","scripts/06_explorar_etapa2.R, sobre data/clean/sima_diario_2020_2025.csv","0 a 24; observado: 18 a 24","no aplica (derivada)","0"
"muestra_pm25_2021_2025.csv","TOUT","numérico","","Media diaria de temperatura (°C); predictor de M1","scripts/06_explorar_etapa2.R, sobre data/clean/sima_diario_2020_2025.csv","Validez por hora: fabricante, -50 a 50; L si |TOUT| ≥ 49.9; E contra la red; observado (media diaria): -3.749 a 35.59","7.9","0"
"muestra_pm25_2021_2025.csv","RH","numérico","","Media diaria de humedad relativa (%); predictor de M1","scripts/06_explorar_etapa2.R, sobre data/clean/sima_diario_2020_2025.csv","Validez por hora: fabricante, 0 a 100; E contra la red; observado (media diaria): 5.667 a 97.08","12.3","0"
"muestra_pm25_2021_2025.csv","SR","numérico","","Media diaria de radiación solar (kW/m2); predictor de M1","scripts/06_explorar_etapa2.R, sobre data/clean/sima_diario_2020_2025.csv","Validez por hora: fabricante, 0 a 1.4; M si SR nocturna (D15); observado (media diaria): 0 a 0.432","4.7","0"
"muestra_pm25_2021_2025.csv","PRS","numérico","","Media diaria de presión atmosférica (mm Hg); predictor de M1","scripts/06_explorar_etapa2.R, sobre data/clean/sima_diario_2020_2025.csv","Validez por hora: fabricante, 449.9 a 824.9; S si salto > 10 mm Hg; observado (media diaria): 681.8 a 747.7","6.1","0"
"muestra_pm25_2021_2025.csv","viento_u","numérico","","Media diaria de la componente u del viento (m/s); predictor de M1","scripts/06_explorar_etapa2.R, sobre data/clean/sima_diario_2020_2025.csv","Derivada de WSR y WDR válidos; observado: -5.661 a 4.227","no aplica (derivada)","0"
"muestra_pm25_2021_2025.csv","viento_v","numérico","","Media diaria de la componente v del viento (m/s); predictor de M1","scripts/06_explorar_etapa2.R, sobre data/clean/sima_diario_2020_2025.csv","Derivada de WSR y WDR válidos; observado: -6.619 a 4.516","no aplica (derivada)","0"
"muestra_pm25_2021_2025.csv","viento_rapidez_ms","numérico","","Media diaria de la rapidez del viento (m/s); predictor de M1","scripts/06_explorar_etapa2.R, sobre data/clean/sima_diario_2020_2025.csv","≥ 0; observado: 0.307 a 7.251","no aplica (derivada)","0"
"muestra_pm25_2021_2025.csv","horas_lluvia","numérico","","Horas del día con 0 < RAINF <= máximo de operación; predictor de M1 (no la cantidad de lluvia)","scripts/06_explorar_etapa2.R, sobre data/clean/sima_diario_2020_2025.csv","0 a 24; observado: 0 a 24","no aplica (derivada)","0"
"muestra_pm25_2021_2025.csv","llovio","entero","","1 si horas_lluvia > 0","scripts/06_explorar_etapa2.R, sobre data/clean/sima_diario_2020_2025.csv","0, 1","no aplica (derivada)","0"
"muestra_pm25_2021_2025.csv","n_horas_TOUT","entero","","Horas válidas usadas en la media diaria de TOUT","scripts/06_explorar_etapa2.R, sobre data/clean/sima_diario_2020_2025.csv","0 a 24; observado: 18 a 24","no aplica (derivada)","0"
"muestra_pm25_2021_2025.csv","n_horas_RH","entero","","Horas válidas usadas en la media diaria de RH","scripts/06_explorar_etapa2.R, sobre data/clean/sima_diario_2020_2025.csv","0 a 24; observado: 18 a 24","no aplica (derivada)","0"
"muestra_pm25_2021_2025.csv","n_horas_SR","entero","","Horas válidas usadas en la media diaria de SR","scripts/06_explorar_etapa2.R, sobre data/clean/sima_diario_2020_2025.csv","0 a 24; observado: 18 a 24","no aplica (derivada)","0"
"muestra_pm25_2021_2025.csv","n_horas_PRS","entero","","Horas válidas usadas en la media diaria de PRS","scripts/06_explorar_etapa2.R, sobre data/clean/sima_diario_2020_2025.csv","0 a 24; observado: 18 a 24","no aplica (derivada)","0"
"muestra_pm25_2021_2025.csv","n_horas_viento","entero","","Horas válidas usadas en viento_u/viento_v/viento_rapidez_ms","scripts/06_explorar_etapa2.R, sobre data/clean/sima_diario_2020_2025.csv","0 a 24; observado: 18 a 24","no aplica (derivada)","0"
"muestra_pm25_2021_2025.csv","n_horas_RAINF","entero","","Horas válidas de RAINF usadas para horas_lluvia","scripts/06_explorar_etapa2.R, sobre data/clean/sima_diario_2020_2025.csv","0 a 24; observado: 18 a 24","no aplica (derivada)","0"
