"variable","horas_esperadas","faltante_original_n","invalidada_F_rango_n","invalidada_P_nota_pdf_n","invalidada_S_salto_n","invalidada_R_pm25_gt_pm10_n","invalidada_L_saturacion_n","invalidada_E_espacial_n","invalidada_K_racha24_n","invalidada_M_sr_nocturna_n","marcada_C_racha6_conservada_n","imputada_bruta_n","imputacion_revertida_n","imputada_n","faltante_final_n","faltante_original_pct","invalidada_F_rango_pct","invalidada_P_nota_pdf_pct","invalidada_S_salto_pct","invalidada_R_pm25_gt_pm10_pct","invalidada_L_saturacion_pct","invalidada_E_espacial_pct","invalidada_K_racha24_pct","invalidada_M_sr_nocturna_pct","marcada_C_racha6_conservada_pct","imputada_bruta_pct","imputacion_revertida_pct","imputada_pct","faltante_final_pct"
"CO",762792,108631,24,0,0,0,0,0,103,0,961,4614,0,4614,104144,14.241,0.003,0,0,0,0,0,0.014,0,0.126,0.605,0,0.605,13.653
"NO",762792,134570,284,0,0,0,0,0,6004,0,4961,13706,0,13706,127152,17.642,0.037,0,0,0,0,0,0.787,0,0.65,1.797,0,1.797,16.669
"NO2",762792,139293,0,0,0,0,0,0,5114,0,1182,9031,0,9031,135376,18.261,0,0,0,0,0,0,0.67,0,0.155,1.184,0,1.184,17.747
"NOX",762792,135135,223,0,0,0,0,0,1196,0,1911,8936,0,8936,127618,17.716,0.029,0,0,0,0,0,0.157,0,0.251,1.171,0,1.171,16.73
"O3",762792,119349,7,0,0,0,0,0,0,0,39,9176,0,9176,110180,15.646,0.001,0,0,0,0,0,0,0,0.005,1.203,0,1.203,14.444
"PM10",762792,43116,4,0,0,37,0,0,72,0,33,7525,252,7273,35956,5.652,0.001,0,0,0.005,0,0,0.009,0,0.004,0.987,0.033,0.953,4.714
"PM2.5",762792,198542,0,0,0,37,0,0,84,0,342,25539,3599,21940,176723,26.028,0,0,0,0.005,0,0,0.011,0,0.045,3.348,0.472,2.876,23.168
"PRS",762792,46521,2,100,2028,0,0,0,1025,0,13884,6167,54,6113,43563,6.099,0,0.013,0.266,0,0,0,0.134,0,1.82,0.808,0.007,0.801,5.711
"RAINF",762792,43949,32,0,0,0,0,0,0,0,68,0,0,0,43981,5.762,0.004,0,0,0,0,0,0,0,0.009,0,0,0,5.766
"RH",762792,94053,294,0,0,0,0,4120,0,0,7786,4643,5,4638,93829,12.33,0.039,0,0,0,0,0.54,0,0,1.021,0.609,0.001,0.608,12.301
"SO2",762792,121636,1,0,0,0,0,0,0,0,11869,17171,0,17171,104466,15.946,0,0,0,0,0,0,0,0,1.556,2.251,0,2.251,13.695
"SR",762792,35792,1091,10,0,0,0,0,0,49491,52540,2373,10,2363,84021,4.692,0.143,0.001,0,0,0,0,0,6.488,6.888,0.311,0.001,0.31,11.015
"TOUT",762792,60626,405,0,548,0,25,450,0,0,0,4731,0,4731,57323,7.948,0.053,0,0.072,0,0.003,0.059,0,0,0,0.62,0,0.62,7.515
"WSR",762792,60055,41,6,0,0,0,4426,0,0,73,0,0,0,64528,7.873,0.005,0.001,0,0,0,0.58,0,0,0.01,0,0,0,8.459
"WDR",762792,71210,1,0,0,0,0,4539,0,0,0,0,0,0,75750,9.335,0,0,0,0,0,0.595,0,0,0,0,0,0,9.931
"viento_uv",762792,95382,42,6,0,0,0,4426,0,0,0,8188,0,8188,91668,12.504,0.006,0.001,0,0,0,0.58,0,0,0,1.073,0,1.073,12.017
