"anio","mes","pct_superacion","n"
2021,1,35.6,90
2021,2,29.4,51
2021,3,39.2,79
2021,4,45.9,296
2021,5,10.8,295
2021,6,11.3,293
2021,7,15.5,271
2021,8,19.7,310
2021,9,16.4,269
2021,10,21.6,282
2021,11,26.6,282
2021,12,63.8,345
2022,1,42.9,338
2022,2,27.2,316
2022,3,26,358
2022,4,29.9,324
2022,5,47.4,346
2022,6,17.4,339
2022,7,8,311
2022,8,2.9,312
2022,9,5.8,260
2022,10,20.4,318
2022,11,21.5,298
2022,12,55.7,282
2023,1,36,297
2023,2,28.8,288
2023,3,43.3,289
2023,4,24.1,278
2023,5,26.2,294
2023,6,43.9,239
2023,7,3.4,321
2023,8,7.2,304
2023,9,1.2,327
2023,10,13.4,298
2023,11,29.4,293
2023,12,50.2,277
2024,1,39.1,276
2024,2,36.1,263
2024,3,27.9,287
2024,4,40.7,246
2024,5,85.6,181
2024,6,26.4,197
2024,7,17.1,275
2024,8,6.4,251
2024,9,6.1,228
2024,10,14.6,240
2024,11,26.2,240
2024,12,44.8,210
2025,1,40,225
2025,2,52.2,205
2025,3,40.3,221
2025,4,28.8,198
2025,5,40,200
2025,6,9.7,176
2025,7,8.5,212
2025,8,1.1,178
2025,9,3.4,149
2025,10,6.1,164
2025,11,21.3,169
2025,12,21,229
