"base","archivo","columna","descripcion","tipo","unidad","dominio","pct_nulos_antes","pct_nulos_despues"
"horaria","sima_horario_limpio_AAAA.csv","estacion","Código de estación SIMA (hoja del Excel)","categórico","","CE, NE, NE2, NE3, NO, NO2, NO3, NTE, NTE2, SE, SE2, SE3, SO, SO2, SUR","no aplica (clave)","0"
"horaria","sima_horario_limpio_AAAA.csv","fecha_hora","Hora local de la medición (00:00 a 23:00), sin zona horaria","fecha-hora","","2020-01-01 00:00:00 a 2025-12-31 23:00:00","no aplica (clave)","0"
"horaria","sima_horario_limpio_AAAA.csv","confinamiento_2020","1 entre 2020-04-01 y 2020-05-31; 0 en el resto","binario","","0, 1","no aplica (derivada)","0"
"horaria","sima_horario_limpio_AAAA.csv","CO","Valor horario de monóxido de carbono, ya limpio (incluye imputadas)","numérico","ppm","Validez: operación del año, 0 a 8–20 (máx. según año); observado: 0 a 17.71","14.2","13.7"
"horaria","sima_horario_limpio_AAAA.csv","NO","Valor horario de monóxido de nitrógeno, ya limpio (incluye imputadas)","numérico","ppb","Validez: operación del año, 0 a 350–500 (máx. según año); observado: 0.3 a 500","17.6","16.7"
"horaria","sima_horario_limpio_AAAA.csv","NO2","Valor horario de dióxido de nitrógeno, ya limpio (incluye imputadas)","numérico","ppb","Validez: operación del año, 0 a 100–200 (máx. según año); observado: 0 a 188.6","18.3","17.7"
"horaria","sima_horario_limpio_AAAA.csv","NOX","Valor horario de óxidos de nitrógeno, ya limpio (incluye imputadas)","numérico","ppb","Validez: operación del año, 0 a 400–500 (máx. según año); observado: 0.5 a 500","17.7","16.7"
"horaria","sima_horario_limpio_AAAA.csv","O3","Valor horario de ozono, ya limpio (incluye imputadas)","numérico","ppb","Validez: operación del año, 0 a 153–185 (máx. según año); observado: 0.5 a 184","15.6","14.4"
"horaria","sima_horario_limpio_AAAA.csv","PM10","Valor horario de PM10, ya limpio (incluye imputadas)","numérico","µg/m³","Validez: operación del año, 0 a 800–999 (máx. según año); observado: 1 a 999","5.7","4.7"
"horaria","sima_horario_limpio_AAAA.csv","PM2.5","Valor horario de PM2.5, ya limpio (incluye imputadas)","numérico","µg/m³","Validez: operación del año, 0 a 205.9–999 (máx. según año); observado: 0 a 763","26.0","23.2"
"horaria","sima_horario_limpio_AAAA.csv","PRS","Valor horario de presión atmosférica, ya limpio (incluye imputadas)","numérico","mm Hg","Validez: fabricante, 449.9 a 824.9; S si salto > 10 mm Hg; observado: 680 a 750","6.1","5.7"
"horaria","sima_horario_limpio_AAAA.csv","RAINF","Precipitación horaria tal como viene en el Excel; solo se usa en horas_lluvia","numérico","mm/h (no confirmada)","Validez: 0 a máx. de operación del año (25–80); observado: 0 a 74","5.8","5.8"
"horaria","sima_horario_limpio_AAAA.csv","RH","Valor horario de humedad relativa, ya limpio (incluye imputadas)","numérico","%","Validez: fabricante, 0 a 100; E contra la red; observado: 0 a 100","12.3","12.3"
"horaria","sima_horario_limpio_AAAA.csv","SO2","Valor horario de dióxido de azufre, ya limpio (incluye imputadas)","numérico","ppb","Validez: operación del año, 0 a 150–405 (máx. según año); observado: 0 a 404.7","15.9","13.7"
"horaria","sima_horario_limpio_AAAA.csv","SR","Valor horario de radiación solar, ya limpio (incluye imputadas)","numérico","kW/m²","Validez: fabricante, 0 a 1.4; M si SR nocturna (D15); observado: 0 a 1.4","4.7","11.0"
"horaria","sima_horario_limpio_AAAA.csv","TOUT","Valor horario de temperatura del aire, ya limpio (incluye imputadas)","numérico","°C","Validez: fabricante, -50 a 50; L si |TOUT| ≥ 49.9; E contra la red; observado: -8.75 a 45.1","7.9","7.5"
"horaria","sima_horario_limpio_AAAA.csv","WSR","Velocidad horaria del viento, validada y sin imputar","numérico","km/h","Validez: fabricante, 0 a 180; E contra la red (D15); observado: 0.1 a 44.5","7.9","8.5"
"horaria","sima_horario_limpio_AAAA.csv","WDR","Dirección de donde sopla el viento, validada y sin imputar","numérico","grados","Validez: fabricante, 0 a 360; E con WSR (D15); observado: 1 a 360","9.3","9.9"
"horaria","sima_horario_limpio_AAAA.csv","viento_u","Componente este-oeste del viento, derivada de WSR y WDR","numérico","m/s","Derivada de WSR y WDR válidos; observado: -10.39 a 10.12","no aplica (derivada)","12.0"
"horaria","sima_horario_limpio_AAAA.csv","viento_v","Componente norte-sur del viento, derivada de WSR y WDR","numérico","m/s","Derivada de WSR y WDR válidos; observado: -11.46 a 9.464","no aplica (derivada)","12.0"
"horaria","sima_horario_limpio_AAAA.csv","f_CO","Bandera de calidad de la hora para CO","categórico (1 letra)","","V válida original; N falta original; F fuera de rango; K racha ≥ 24 h idéntica; C racha ≥ 6 h conservada; I imputada","no aplica (derivada)","0"
"horaria","sima_horario_limpio_AAAA.csv","f_NO","Bandera de calidad de la hora para NO","categórico (1 letra)","","V válida original; N falta original; F fuera de rango; K racha ≥ 24 h idéntica; C racha ≥ 6 h conservada; I imputada","no aplica (derivada)","0"
"horaria","sima_horario_limpio_AAAA.csv","f_NO2","Bandera de calidad de la hora para NO2","categórico (1 letra)","","V válida original; N falta original; K racha ≥ 24 h idéntica; C racha ≥ 6 h conservada; I imputada","no aplica (derivada)","0"
"horaria","sima_horario_limpio_AAAA.csv","f_NOX","Bandera de calidad de la hora para NOX","categórico (1 letra)","","V válida original; N falta original; F fuera de rango; K racha ≥ 24 h idéntica; C racha ≥ 6 h conservada; I imputada","no aplica (derivada)","0"
"horaria","sima_horario_limpio_AAAA.csv","f_O3","Bandera de calidad de la hora para O3","categórico (1 letra)","","V válida original; N falta original; F fuera de rango; C racha ≥ 6 h conservada; I imputada","no aplica (derivada)","0"
"horaria","sima_horario_limpio_AAAA.csv","f_PM10","Bandera de calidad de la hora para PM10","categórico (1 letra)","","V válida original; N falta original; F fuera de rango; R PM2.5 > PM10; K racha ≥ 24 h idéntica; C racha ≥ 6 h conservada; I imputada; X imputación revertida","no aplica (derivada)","0"
"horaria","sima_horario_limpio_AAAA.csv","f_PM2.5","Bandera de calidad de la hora para PM2.5","categórico (1 letra)","","V válida original; N falta original; R PM2.5 > PM10; K racha ≥ 24 h idéntica; C racha ≥ 6 h conservada; I imputada; X imputación revertida","no aplica (derivada)","0"
"horaria","sima_horario_limpio_AAAA.csv","f_PRS","Bandera de calidad de la hora para PRS","categórico (1 letra)","","V válida original; N falta original; P regla de notas del PDF; S salto horario; K racha ≥ 24 h idéntica; C racha ≥ 6 h conservada; I imputada; X imputación revertida","no aplica (derivada)","0"
"horaria","sima_horario_limpio_AAAA.csv","f_RAINF","Bandera de calidad de la hora para RAINF","categórico (1 letra)","","V válida original; N falta original; F fuera de rango; C racha ≥ 6 h conservada","no aplica (derivada)","0"
"horaria","sima_horario_limpio_AAAA.csv","f_RH","Bandera de calidad de la hora para RH","categórico (1 letra)","","V válida original; N falta original; F fuera de rango; E consistencia espacial; C racha ≥ 6 h conservada; I imputada; X imputación revertida","no aplica (derivada)","0"
"horaria","sima_horario_limpio_AAAA.csv","f_SO2","Bandera de calidad de la hora para SO2","categórico (1 letra)","","V válida original; N falta original; C racha ≥ 6 h conservada; I imputada","no aplica (derivada)","0"
"horaria","sima_horario_limpio_AAAA.csv","f_SR","Bandera de calidad de la hora para SR","categórico (1 letra)","","V válida original; N falta original; F fuera de rango; P regla de notas del PDF; M SR nocturna (D15); C racha ≥ 6 h conservada; I imputada; X imputación revertida","no aplica (derivada)","0"
"horaria","sima_horario_limpio_AAAA.csv","f_TOUT","Bandera de calidad de la hora para TOUT","categórico (1 letra)","","V válida original; N falta original; F fuera de rango; S salto horario; L TOUT saturada; E consistencia espacial; I imputada","no aplica (derivada)","0"
"horaria","sima_horario_limpio_AAAA.csv","f_WSR","Bandera de calidad de la hora para WSR","categórico (1 letra)","","V válida original; N falta original; F fuera de rango; P regla de notas del PDF; E consistencia espacial; C racha ≥ 6 h conservada","no aplica (derivada)","0"
"horaria","sima_horario_limpio_AAAA.csv","f_WDR","Bandera de calidad de la hora para WDR","categórico (1 letra)","","V válida original; N falta original; F fuera de rango; E consistencia espacial","no aplica (derivada)","0"
"horaria","sima_horario_limpio_AAAA.csv","f_uv","Bandera de calidad de las componentes u y v del viento","categórico (1 letra)","","V válida original; N falta original; F fuera de rango; P regla de notas del PDF; E consistencia espacial; I imputada","no aplica (derivada)","0"
"horaria","sima_horario_limpio_AAAA.csv","nox_inconsistente","1 si |NOX − (NO+NO2)| > máx(1 ppb, 10 % de NOX); solo bandera","binario","","0, 1; vacío si falta NO, NO2 o NOX","no aplica (derivada)","18.2"
"horaria","sima_horario_limpio_AAAA.csv","f_obs_TOUT","Bandera de TOUT antes de imputar; conserva la causa de invalidez","categórico (1 letra)","","V válida original; N falta original; F fuera de rango; S salto horario; L TOUT saturada; E consistencia espacial","no aplica (derivada)","0"
"horaria","sima_horario_limpio_AAAA.csv","f_obs_RH","Bandera de RH antes de imputar; conserva la causa de invalidez","categórico (1 letra)","","V válida original; N falta original; F fuera de rango; E consistencia espacial; C racha ≥ 6 h conservada","no aplica (derivada)","0"
"diaria","sima_diario_2020_2025.csv","estacion","Código de estación SIMA (hoja del Excel)","categórico","","CE, NE, NE2, NE3, NO, NO2, NO3, NTE, NTE2, SE, SE2, SE3, SO, SO2, SUR","no aplica (clave)","0"
"diaria","sima_diario_2020_2025.csv","fecha","Día calendario local","fecha","","2020-01-01 a 2025-12-31","no aplica (clave)","0"
"diaria","sima_diario_2020_2025.csv","anio","Año calendario","entero","","2020 a 2025","no aplica (derivada)","0"
"diaria","sima_diario_2020_2025.csv","temporada","Temporada regional: seca fría (nov–feb), seca cálida (mar–may), cálida húmeda (jun–oct)","categórico","","calida_humeda, seca_calida, seca_fria","no aplica (derivada)","0"
"diaria","sima_diario_2020_2025.csv","confinamiento_2020","1 entre 2020-04-01 y 2020-05-31; 0 en el resto","binario","","0, 1","no aplica (derivada)","0"
"diaria","sima_diario_2020_2025.csv","CO","Media diaria de monóxido de carbono (≥ 18 h válidas, incluye imputadas)","numérico","ppm","Validez por hora: operación del año, 0 a 8–20 (máx. según año); observado (media diaria): 0.05 a 9.2","14.2","14.7"
"diaria","sima_diario_2020_2025.csv","NO","Media diaria de monóxido de nitrógeno (≥ 18 h válidas, incluye imputadas)","numérico","ppb","Validez por hora: operación del año, 0 a 350–500 (máx. según año); observado (media diaria): 0.5 a 327.4","17.6","18.1"
"diaria","sima_diario_2020_2025.csv","NO2","Media diaria de dióxido de nitrógeno (≥ 18 h válidas, incluye imputadas)","numérico","ppb","Validez por hora: operación del año, 0 a 100–200 (máx. según año); observado (media diaria): 0.05 a 95.18","18.3","18.9"
"diaria","sima_diario_2020_2025.csv","NOX","Media diaria de óxidos de nitrógeno (≥ 18 h válidas, incluye imputadas)","numérico","ppb","Validez por hora: operación del año, 0 a 400–500 (máx. según año); observado (media diaria): 0.5 a 381.8","17.7","18.0"
"diaria","sima_diario_2020_2025.csv","O3_max8h","Máximo diario del promedio móvil de 8 h de ozono","numérico","ppb","Derivada de O3 válido (≥ 6 de 8 h); observado: 1.75 a 138.3","no aplica (derivada)","15.4"
"diaria","sima_diario_2020_2025.csv","PM10","Media diaria de PM10 (≥ 18 h válidas, incluye imputadas)","numérico","µg/m³","Validez por hora: operación del año, 0 a 800–999 (máx. según año); observado (media diaria): 4 a 333.7","5.7","5.8"
"diaria","sima_diario_2020_2025.csv","PM2.5","Media diaria de PM2.5 (≥ 18 h válidas, incluye imputadas)","numérico","µg/m³","Validez por hora: operación del año, 0 a 205.9–999 (máx. según año); observado (media diaria): 2.211 a 165.7","26.0","25.2"
"diaria","sima_diario_2020_2025.csv","SO2","Media diaria de dióxido de azufre (≥ 18 h válidas, incluye imputadas)","numérico","ppb","Validez por hora: operación del año, 0 a 150–405 (máx. según año); observado (media diaria): 0.575 a 61.78","15.9","15.0"
"diaria","sima_diario_2020_2025.csv","TOUT","Media diaria de temperatura del aire (≥ 18 h válidas, incluye imputadas)","numérico","°C","Validez por hora: fabricante, -50 a 50; L si |TOUT| ≥ 49.9; E contra la red; observado (media diaria): -3.749 a 36.78","7.9","8.3"
"diaria","sima_diario_2020_2025.csv","RH","Media diaria de humedad relativa (≥ 18 h válidas, incluye imputadas)","numérico","%","Validez por hora: fabricante, 0 a 100; E contra la red; observado (media diaria): 5.583 a 98.28","12.3","13.3"
"diaria","sima_diario_2020_2025.csv","SR","Media diaria de radiación solar (≥ 18 h válidas, incluye imputadas)","numérico","kW/m²","Validez por hora: fabricante, 0 a 1.4; M si SR nocturna (D15); observado (media diaria): 0 a 0.539","4.7","12.0"
"diaria","sima_diario_2020_2025.csv","PRS","Media diaria de presión atmosférica (≥ 18 h válidas, incluye imputadas)","numérico","mm Hg","Validez por hora: fabricante, 449.9 a 824.9; S si salto > 10 mm Hg; observado (media diaria): 681.8 a 747.7","6.1","6.5"
"diaria","sima_diario_2020_2025.csv","horas_lluvia","Horas del día con 0 < RAINF ≤ máximo de operación","entero","horas","0 a 24; observado: 0 a 24","no aplica (derivada)","5.8"
"diaria","sima_diario_2020_2025.csv","llovio","1 si hubo al menos una hora con lluvia","binario","","0, 1","no aplica (derivada)","5.8"
"diaria","sima_diario_2020_2025.csv","viento_u","Media diaria de la componente este-oeste del viento","numérico","m/s","Derivada de WSR y WDR válidos; observado: -6.003 a 5.28","no aplica (derivada)","13.6"
"diaria","sima_diario_2020_2025.csv","viento_v","Media diaria de la componente norte-sur del viento","numérico","m/s","Derivada de WSR y WDR válidos; observado: -6.619 a 5.544","no aplica (derivada)","13.6"
"diaria","sima_diario_2020_2025.csv","viento_rapidez_ms","Media diaria de la rapidez horaria del viento, raíz de u² + v²","numérico","m/s","≥ 0; observado: 0.179 a 7.527","no aplica (derivada)","13.6"
"diaria","sima_diario_2020_2025.csv","n_horas_CO","Horas válidas de CO en el día (incluye imputadas)","entero","","0 a 24; observado: 0 a 24","no aplica (derivada)","0"
"diaria","sima_diario_2020_2025.csv","n_horas_NO","Horas válidas de NO en el día (incluye imputadas)","entero","","0 a 24; observado: 0 a 24","no aplica (derivada)","0"
"diaria","sima_diario_2020_2025.csv","n_horas_NO2","Horas válidas de NO2 en el día (incluye imputadas)","entero","","0 a 24; observado: 0 a 24","no aplica (derivada)","0"
"diaria","sima_diario_2020_2025.csv","n_horas_NOX","Horas válidas de NOX en el día (incluye imputadas)","entero","","0 a 24; observado: 0 a 24","no aplica (derivada)","0"
"diaria","sima_diario_2020_2025.csv","n_horas_PM10","Horas válidas de PM10 en el día (incluye imputadas)","entero","","0 a 24; observado: 0 a 24","no aplica (derivada)","0"
"diaria","sima_diario_2020_2025.csv","n_horas_PM2.5","Horas válidas de PM2.5 en el día (incluye imputadas)","entero","","0 a 24; observado: 0 a 24","no aplica (derivada)","0"
"diaria","sima_diario_2020_2025.csv","n_horas_SO2","Horas válidas de SO2 en el día (incluye imputadas)","entero","","0 a 24; observado: 0 a 24","no aplica (derivada)","0"
"diaria","sima_diario_2020_2025.csv","n_horas_TOUT","Horas válidas de TOUT en el día (incluye imputadas)","entero","","0 a 24; observado: 0 a 24","no aplica (derivada)","0"
"diaria","sima_diario_2020_2025.csv","n_horas_RH","Horas válidas de RH en el día (incluye imputadas)","entero","","0 a 24; observado: 0 a 24","no aplica (derivada)","0"
"diaria","sima_diario_2020_2025.csv","n_horas_SR","Horas válidas de SR en el día (incluye imputadas)","entero","","0 a 24; observado: 0 a 24","no aplica (derivada)","0"
"diaria","sima_diario_2020_2025.csv","n_horas_PRS","Horas válidas de PRS en el día (incluye imputadas)","entero","","0 a 24; observado: 0 a 24","no aplica (derivada)","0"
"diaria","sima_diario_2020_2025.csv","n_horas_viento","Horas válidas del día con componentes u y v","entero","","0 a 24; observado: 0 a 24","no aplica (derivada)","0"
"diaria","sima_diario_2020_2025.csv","n_horas_O3_max8h","Horas válidas de O3 en el día","entero","","0 a 24; observado: 0 a 24","no aplica (derivada)","0"
"diaria","sima_diario_2020_2025.csv","n_horas_RAINF","Horas válidas de RAINF en el día","entero","","0 a 24; observado: 0 a 24","no aplica (derivada)","0"
"diaria","sima_diario_2020_2025.csv","n_horas_nox_inconsistente","Horas del día con nox_inconsistente = 1","entero","","0 a 24; observado: 0 a 24","no aplica (derivada)","0"
"diaria","sima_diario_2020_2025.csv","en_nucleo_A","1 si el día completa el núcleo A (indicador de la etapa 1)","binario","","0, 1","no aplica (derivada)","0"
"diaria","sima_diario_2020_2025.csv","en_nucleo_B","1 si el día completa el núcleo B = A + PM2.5 (etapa 1)","binario","","0, 1","no aplica (derivada)","0"
"diaria","sima_diario_2020_2025.csv","en_periodo_modelado","1 si el año está entre 2021 y 2025","binario","","0, 1","no aplica (derivada)","0"
"muestra","muestra_pm25_2021_2025.csv","estacion","Código de estación SIMA (13; excluye NE3 y NO3)","categórico","","CE, NE, NE2, NO, NO2, NTE, NTE2, SE, SE2, SE3, SO, SO2, SUR","no aplica (clave)","0"
"muestra","muestra_pm25_2021_2025.csv","fecha","Día calendario local","fecha","","2021-01-01 a 2025-12-31","no aplica (clave)","0"
"muestra","muestra_pm25_2021_2025.csv","anio","Año calendario","entero","","2021 a 2025","no aplica (derivada)","0"
"muestra","muestra_pm25_2021_2025.csv","temporada","Temporada regional: seca fría (nov–feb), seca cálida (mar–may), cálida húmeda (jun–oct)","categórico","","calida_humeda, seca_calida, seca_fria","no aplica (derivada)","0"
"muestra","muestra_pm25_2021_2025.csv","confinamiento_2020","Siempre 0: la muestra excluye 2020","binario","","0","no aplica (derivada)","0"
"muestra","muestra_pm25_2021_2025.csv","PM2.5","Media diaria de PM2.5 (≥ 18 h válidas, incluye imputadas)","numérico","µg/m³","Validez por hora: operación del año, 0 a 205.9–999 (máx. según año); observado (media diaria): 2.211 a 165.7","26.0","0"
"muestra","muestra_pm25_2021_2025.csv","supera_25","1 si la media diaria de PM2.5 supera 25 µg/m³","binario","","0, 1","no aplica (derivada)","0"
"muestra","muestra_pm25_2021_2025.csv","supera_15","1 si supera 15 µg/m³ (sensibilidad, guía 24 h de la OMS)","binario","","0, 1","no aplica (derivada)","0"
"muestra","muestra_pm25_2021_2025.csv","n_horas_PM2.5","Horas válidas de PM2.5 en el día (incluye imputadas)","entero","","0 a 24; observado: 18 a 24","no aplica (derivada)","0"
"muestra","muestra_pm25_2021_2025.csv","TOUT","Media diaria de temperatura del aire (≥ 18 h válidas, incluye imputadas)","numérico","°C","Validez por hora: fabricante, -50 a 50; L si |TOUT| ≥ 49.9; E contra la red; observado (media diaria): -3.749 a 35.59","7.9","0"
"muestra","muestra_pm25_2021_2025.csv","RH","Media diaria de humedad relativa (≥ 18 h válidas, incluye imputadas)","numérico","%","Validez por hora: fabricante, 0 a 100; E contra la red; observado (media diaria): 5.667 a 97.08","12.3","0"
"muestra","muestra_pm25_2021_2025.csv","SR","Media diaria de radiación solar (≥ 18 h válidas, incluye imputadas)","numérico","kW/m²","Validez por hora: fabricante, 0 a 1.4; M si SR nocturna (D15); observado (media diaria): 0 a 0.432","4.7","0"
"muestra","muestra_pm25_2021_2025.csv","PRS","Media diaria de presión atmosférica (≥ 18 h válidas, incluye imputadas)","numérico","mm Hg","Validez por hora: fabricante, 449.9 a 824.9; S si salto > 10 mm Hg; observado (media diaria): 681.8 a 747.7","6.1","0"
"muestra","muestra_pm25_2021_2025.csv","viento_u","Media diaria de la componente este-oeste del viento","numérico","m/s","Derivada de WSR y WDR válidos; observado: -5.661 a 4.227","no aplica (derivada)","0"
"muestra","muestra_pm25_2021_2025.csv","viento_v","Media diaria de la componente norte-sur del viento","numérico","m/s","Derivada de WSR y WDR válidos; observado: -6.619 a 4.516","no aplica (derivada)","0"
"muestra","muestra_pm25_2021_2025.csv","viento_rapidez_ms","Media diaria de la rapidez horaria del viento, raíz de u² + v²","numérico","m/s","≥ 0; observado: 0.307 a 7.251","no aplica (derivada)","0"
"muestra","muestra_pm25_2021_2025.csv","horas_lluvia","Horas del día con 0 < RAINF ≤ máximo de operación","entero","horas","0 a 24; observado: 0 a 24","no aplica (derivada)","0"
"muestra","muestra_pm25_2021_2025.csv","llovio","1 si hubo al menos una hora con lluvia","binario","","0, 1","no aplica (derivada)","0"
"muestra","muestra_pm25_2021_2025.csv","n_horas_TOUT","Horas válidas de TOUT en el día (incluye imputadas)","entero","","0 a 24; observado: 18 a 24","no aplica (derivada)","0"
"muestra","muestra_pm25_2021_2025.csv","n_horas_RH","Horas válidas de RH en el día (incluye imputadas)","entero","","0 a 24; observado: 18 a 24","no aplica (derivada)","0"
"muestra","muestra_pm25_2021_2025.csv","n_horas_SR","Horas válidas de SR en el día (incluye imputadas)","entero","","0 a 24; observado: 18 a 24","no aplica (derivada)","0"
"muestra","muestra_pm25_2021_2025.csv","n_horas_PRS","Horas válidas de PRS en el día (incluye imputadas)","entero","","0 a 24; observado: 18 a 24","no aplica (derivada)","0"
"muestra","muestra_pm25_2021_2025.csv","n_horas_viento","Horas válidas del día con componentes u y v","entero","","0 a 24; observado: 18 a 24","no aplica (derivada)","0"
"muestra","muestra_pm25_2021_2025.csv","n_horas_RAINF","Horas válidas de RAINF en el día","entero","","0 a 24; observado: 18 a 24","no aplica (derivada)","0"
