"variable","PM2.5","TOUT","RH","SR","PRS","viento_u","viento_v","viento_rapidez_ms","horas_lluvia"
"PM2.5",1,-0.00623896127203832,-0.0554767248076804,0.0315033373329948,-0.17766044900404,0.164620766918629,-0.0506947308120537,-0.268162281986203,-0.150613361929867
"TOUT",-0.00623896127203832,1,-0.231700448875558,0.505446828054577,-0.178745304761096,-0.335882189251888,0.16218445133185,0.373703332034634,-0.071606537275586
"RH",-0.0554767248076804,-0.231700448875558,1,-0.379313441571921,0.167730089935944,-0.00744544142398623,0.0716619547645541,-0.18206029368836,0.273924527536708
"SR",0.0315033373329948,0.505446828054577,-0.379313441571921,1,-0.201122369012761,-0.260943064463011,0.179676342384568,0.306039389005173,-0.145467903220745
"PRS",-0.17766044900404,-0.178745304761096,0.167730089935944,-0.201122369012761,1,0.150867428354625,0.0162680223545648,-0.181194833415344,0.0252758462662502
"viento_u",0.164620766918629,-0.335882189251888,-0.00744544142398623,-0.260943064463011,0.150867428354625,1,-0.239517323943005,-0.603351749677345,-0.0089839607528331
"viento_v",-0.0506947308120537,0.16218445133185,0.0716619547645541,0.179676342384568,0.0162680223545648,-0.239517323943005,1,0.211699881306749,0.00742467297497274
"viento_rapidez_ms",-0.268162281986203,0.373703332034634,-0.18206029368836,0.306039389005173,-0.181194833415344,-0.603351749677345,0.211699881306749,1,0.0307056985769425
"horas_lluvia",-0.150613361929867,-0.071606537275586,0.273924527536708,-0.145467903220745,0.0252758462662502,-0.0089839607528331,0.00742467297497274,0.0307056985769425,1
