"variable","n","media","de","mediana","q1","q3","minimo","maximo","asimetria","extremos_mayores_q3_mas_3iqr"
"PM2.5",15390,20.581,10.999,18.184,12.958,25.542,2.211,165.694,1.974,98
"TOUT",15390,23.587,6.012,24.845,19.891,28.301,-3.749,35.594,-0.819,0
"RH",15390,56.762,14.956,57.625,47.583,66.917,5.667,97.079,-0.319,0
"SR",15390,0.14,0.073,0.145,0.094,0.191,0,0.432,-0.217,0
"PRS",15390,715.279,8.447,714.371,710.729,721.113,681.806,747.667,0.097,0
"viento_u",15390,-1.16,1.206,-1.148,-1.947,-0.429,-5.661,4.227,0.19,2
"viento_v",15390,0.176,1.092,0.225,-0.444,0.803,-6.619,4.516,-0.283,0
"viento_rapidez_ms",15390,2.327,0.797,2.263,1.759,2.823,0.307,7.251,0.488,4
"horas_lluvia",15390,0.304,1.487,0,0,0,0,24,7.368,1196
