"estacion","fecha","n_obs","pm25_actual","supera_25_actual"
"CE",2023-06-26,17,10.756,0
"CE",2023-10-01,15,7.646,0
"CE",2023-10-06,16,8.042,0
"CE",2023-11-22,17,9.81,0
"CE",2023-12-08,17,39.737,1
"CE",2024-11-27,17,61.601,1
"CE",2025-04-07,14,19.906,0
"CE",2025-04-19,17,42.134,1
"NE",2023-09-07,17,9.074,0
"NE",2024-04-22,16,6.368,0
"NE",2024-05-11,17,49.009,1
"NE",2024-06-02,16,41.443,1
"NE2",2022-10-16,17,17.444,0
"NE2",2022-11-19,13,4.925,0
"NE2",2023-01-31,16,5.289,0
"NE2",2023-03-01,16,37.417,1
"NE2",2023-05-28,14,12.694,0
"NE2",2023-08-14,17,16.881,0
"NE2",2023-09-08,15,18.895,0
"NE2",2023-09-12,17,18.306,0
"NE2",2023-09-25,17,16.75,0
"NE2",2023-09-26,17,14,0
"NE2",2023-10-31,17,8.45,0
"NE2",2023-11-10,17,9.105,0
"NE2",2023-11-12,16,5.5,0
"NE2",2023-11-13,14,6.775,0
"NE2",2023-11-14,15,13.458,0
"NE2",2023-11-21,17,6.158,0
"NE2",2023-11-27,17,11.396,0
"NE2",2024-01-17,17,27,1
"NE2",2024-01-27,17,10.474,0
"NE2",2024-03-18,15,5.292,0
"NE2",2024-04-21,15,6.361,0
"NE2",2024-07-24,16,10.5,0
"NE2",2024-08-05,16,14.526,0
"NE2",2024-08-07,16,15.958,0
"NE2",2024-08-11,12,12.842,0
"NE2",2024-08-12,17,18.525,0
"NE2",2024-08-21,16,30.611,1
"NE2",2024-08-24,16,19.95,0
"NE2",2024-09-02,15,7.974,0
"NE2",2024-09-07,14,9.75,0
"NE2",2024-09-08,16,11.447,0
"NE2",2024-09-09,16,29.318,1
"NE2",2024-10-02,14,41.342,1
"NE2",2024-10-03,14,31.316,1
"NO",2021-12-19,17,9.062,0
"NO",2022-09-03,17,10.174,0
"NO",2022-09-23,14,18.525,0
"NO",2022-09-24,13,20.395,0
"NO",2022-09-25,14,20.434,0
"NO",2022-10-09,15,17.562,0
"NO",2022-10-16,15,13.474,0
"NO",2022-11-02,17,15.739,0
"NO",2022-11-03,15,17.056,0
"NO",2022-11-08,13,6.25,0
"NO",2022-11-09,16,11.429,0
"NO",2022-11-17,17,11.091,0
"NO",2022-12-16,17,25.548,1
"NO",2022-12-22,16,42.957,1
"NO",2022-12-23,17,12.375,0
"NO",2023-01-01,16,108.921,1
"NO",2023-03-15,17,10.758,0
"NO",2023-03-19,15,8.895,0
"NO",2023-09-02,16,14.938,0
"NO",2023-09-03,16,19.526,0
"NO",2023-09-04,17,25.425,1
"NO",2023-09-06,16,20.667,0
"NO",2023-09-07,16,14.289,0
"NO",2023-09-08,16,13.975,0
"NO",2023-09-09,11,11.972,0
"NO",2023-09-13,16,14.198,0
"NO",2023-09-19,16,18.158,0
"NO",2023-09-21,16,15.225,0
"NO",2023-09-24,17,16.807,0
"NO",2023-09-26,14,13.926,0
"NO",2023-09-27,16,18.421,0
"NO",2023-10-01,14,11.239,0
"NO",2023-10-05,16,12.329,0
"NO",2023-11-10,16,6.025,0
"NO",2023-11-15,17,19.917,0
"NO",2023-11-20,16,32.5,1
"NO",2023-12-07,17,18.875,0
"NO",2023-12-28,17,16.632,0
"NO",2024-01-02,14,20.737,0
"NO",2024-01-28,16,10.667,0
"NO",2024-02-03,16,14.167,0
"NO",2024-02-13,17,17.972,0
"NO",2024-02-16,16,12.605,0
"NO",2024-02-23,15,19.738,0
"NO",2024-03-02,15,40.75,1
"NO",2024-03-04,17,35.619,1
"NO",2024-03-06,15,42.737,1
"NO",2024-03-07,17,39.875,1
"NO",2024-03-10,13,5.842,0
"NO",2024-03-11,16,24.825,0
"NO2",2024-03-18,14,2.211,0
"NO2",2024-03-28,17,8.825,0
"NO2",2025-04-26,16,26.932,1
"NO2",2025-05-08,15,18.374,0
"NO2",2025-11-03,17,16.881,0
"NTE",2021-06-22,16,7.066,0
"NTE",2021-08-02,16,37.426,1
"NTE",2021-08-08,16,37.833,1
"NTE",2021-08-23,17,32.921,1
"NTE",2021-11-16,17,19.734,0
"NTE",2022-09-11,17,8.229,0
"NTE",2022-11-01,17,3.933,0
"NTE",2023-07-15,15,15.396,0
"NTE",2023-08-07,17,10.158,0
"NTE2",2021-02-14,16,7.595,0
"NTE2",2021-04-17,17,16.5,0
"NTE2",2021-05-06,15,16.158,0
"NTE2",2021-05-07,16,14.188,0
"NTE2",2021-08-25,17,10.5,0
"NTE2",2021-10-16,17,7.042,0
"NTE2",2021-12-19,17,6.854,0
"NTE2",2022-01-02,17,8.2,0
"NTE2",2022-02-08,17,14.45,0
"NTE2",2022-10-29,17,18.368,0
"NTE2",2022-11-05,13,5.5,0
"NTE2",2023-04-14,16,23.75,0
"NTE2",2023-04-23,17,18.083,0
"NTE2",2023-07-18,16,24.851,0
"NTE2",2023-07-20,17,27.653,1
"NTE2",2023-07-21,13,24.597,0
"NTE2",2023-07-22,17,20.368,0
"NTE2",2023-07-23,11,15.833,0
"NTE2",2023-07-26,17,27.444,1
"NTE2",2023-08-09,17,17.25,0
"NTE2",2023-09-08,15,9.921,0
"NTE2",2023-09-26,14,15.342,0
"NTE2",2023-09-29,15,23.264,0
"NTE2",2023-10-05,17,10.632,0
"NTE2",2023-10-06,17,10.542,0
"NTE2",2023-10-07,14,17.9,0
"NTE2",2023-10-10,10,24.826,0
"NTE2",2023-10-24,15,14.111,0
"NTE2",2023-11-01,17,7.278,0
"NTE2",2024-01-29,13,8.132,0
"NTE2",2024-02-12,15,9.227,0
"NTE2",2024-03-10,17,7.146,0
"NTE2",2024-04-10,16,15.944,0
"NTE2",2024-05-07,13,35.079,1
"NTE2",2024-06-19,12,9.463,0
"NTE2",2024-06-20,13,6.742,0
"NTE2",2024-07-25,17,13.711,0
"NTE2",2024-09-01,17,13.458,0
"NTE2",2024-09-15,17,13.975,0
"NTE2",2024-09-16,16,11.152,0
"NTE2",2024-09-20,17,15.114,0
"NTE2",2024-10-05,17,17.105,0
"NTE2",2024-11-10,17,24.368,0
"NTE2",2024-11-22,13,16.389,0
"NTE2",2024-11-24,17,35.211,1
"NTE2",2025-01-06,16,6.625,0
"NTE2",2025-01-09,17,16.575,0
"NTE2",2025-01-13,16,7.684,0
"NTE2",2025-02-28,17,16.222,0
"NTE2",2025-03-29,16,25.526,1
"NTE2",2025-05-03,15,6.021,0
"NTE2",2025-07-30,17,15.438,0
"NTE2",2025-07-31,17,13.395,0
"NTE2",2025-08-01,17,10.605,0
"NTE2",2025-12-19,11,4.974,0
"SE",2022-11-18,17,10.08,0
"SE",2022-11-21,16,11.297,0
"SE",2022-12-04,17,12.984,0
"SE",2023-01-31,17,5.325,0
"SE",2023-04-09,17,10.778,0
"SE",2023-11-11,17,8.606,0
"SE",2023-11-27,17,13.495,0
"SE",2024-04-02,16,16.889,0
"SE",2025-01-10,17,12.739,0
"SE",2025-01-11,16,25.296,1
"SE2",2021-06-21,17,25,0
"SE2",2021-09-29,17,49.944,1
"SE2",2021-10-01,15,41.5,1
"SE2",2021-10-02,17,45.25,1
"SE2",2021-11-04,15,9.917,0
"SE2",2022-02-09,17,33.222,1
"SE2",2022-03-09,17,23.754,0
"SE2",2022-06-20,17,11.789,0
"SE2",2022-06-25,16,9.65,0
"SE2",2023-05-26,16,15.9,0
"SE2",2023-09-02,17,22,0
"SE2",2023-10-01,17,9.026,0
"SE2",2024-05-11,17,59.475,1
"SE2",2024-06-20,13,19.635,0
"SE2",2024-10-21,16,12.421,0
"SE2",2025-01-12,17,23.556,0
"SE2",2025-01-24,17,27.306,1
"SE2",2025-05-22,17,15,0
"SE2",2025-06-25,16,10.213,0
"SE3",2021-06-28,16,10.079,0
"SE3",2021-07-06,16,8.632,0
"SE3",2022-04-26,16,4.895,0
"SE3",2023-01-31,15,3.425,0
"SE3",2023-09-29,16,9.5,0
"SE3",2023-10-01,17,6.375,0
"SE3",2023-10-02,15,7.775,0
"SE3",2023-10-04,16,9.302,0
"SE3",2023-10-05,17,9.463,0
"SE3",2023-10-30,14,3.917,0
"SE3",2023-11-10,16,7.575,0
"SE3",2023-11-12,17,5.604,0
"SE3",2023-12-10,16,7.062,0
"SE3",2024-06-19,16,5.548,0
"SE3",2024-06-27,14,12.263,0
"SE3",2024-08-07,16,14.643,0
"SE3",2024-08-11,15,11.775,0
"SE3",2024-08-12,16,9.211,0
"SE3",2024-08-13,16,14.25,0
"SE3",2024-08-16,17,12.553,0
"SE3",2024-08-19,17,11.675,0
"SE3",2024-08-20,17,12.579,0
"SE3",2024-08-22,16,15.361,0
"SE3",2024-08-30,15,11.651,0
"SE3",2024-09-15,14,14.597,0
"SE3",2024-09-16,17,8.619,0
"SE3",2024-09-22,14,8.542,0
"SE3",2024-12-03,17,6.174,0
"SE3",2024-12-06,17,5.614,0
"SE3",2024-12-07,15,9,0
"SE3",2025-01-21,17,5.188,0
"SE3",2025-01-28,17,7.85,0
"SE3",2025-02-19,16,13.1,0
"SE3",2025-04-07,17,9.312,0
"SE3",2025-04-13,14,19.211,0
"SE3",2025-04-14,17,15.848,0
"SE3",2025-04-17,16,18.2,0
"SE3",2025-05-22,17,12.7,0
"SE3",2025-05-25,17,12.947,0
"SE3",2025-05-26,17,24.682,0
"SE3",2025-06-05,16,17.026,0
"SE3",2025-06-09,17,15.312,0
"SE3",2025-06-23,15,14.444,0
"SE3",2025-06-27,13,13.111,0
"SE3",2025-06-30,16,7.205,0
"SE3",2025-07-09,16,18.575,0
"SE3",2025-07-10,16,16.111,0
"SE3",2025-07-12,17,16.152,0
"SE3",2025-07-14,15,11.1,0
"SE3",2025-07-22,16,21.447,0
"SE3",2025-07-29,17,15.4,0
"SE3",2025-08-02,16,11.773,0
"SE3",2025-08-09,15,17.31,0
"SE3",2025-08-10,16,15.714,0
"SE3",2025-08-16,17,17.685,0
"SE3",2025-08-20,16,9.575,0
"SE3",2025-08-21,16,11.614,0
"SE3",2025-08-22,14,14.639,0
"SE3",2025-08-23,16,12,0
"SE3",2025-08-27,17,14.684,0
"SE3",2025-08-31,15,12.895,0
"SE3",2025-09-01,13,8.972,0
"SE3",2025-09-06,17,23.975,0
"SE3",2025-09-07,17,14.479,0
"SE3",2025-09-08,17,5.646,0
"SE3",2025-09-13,12,6.675,0
"SE3",2025-09-14,15,5.401,0
"SE3",2025-09-19,12,7.389,0
"SE3",2025-09-21,15,5.792,0
"SE3",2025-09-22,13,11.789,0
"SE3",2025-10-14,17,8.146,0
"SE3",2025-10-29,14,10.25,0
"SE3",2025-11-02,16,12.048,0
"SE3",2025-11-10,16,6.375,0
"SE3",2025-12-01,16,9.792,0
"SE3",2025-12-08,16,10.25,0
"SE3",2025-12-30,14,8.056,0
"SO",2022-09-01,17,11.756,0
"SO",2022-11-18,17,15.536,0
"SO",2023-02-01,16,35.38,1
"SO",2023-03-19,13,13.167,0
"SO",2023-11-23,17,41.345,1
"SO",2023-11-27,15,21.157,0
"SO",2024-01-04,17,35.278,1
"SO",2025-01-14,17,44.67,1
"SO2",2021-06-01,17,13.368,0
"SO2",2023-06-26,17,13.45,0
"SO2",2023-06-27,17,17.611,0
"SO2",2023-08-02,17,12.75,0
"SO2",2023-08-14,17,13.333,0
"SO2",2023-08-31,17,14,0
"SO2",2023-09-09,17,14.833,0
"SO2",2023-09-16,17,8.947,0
"SO2",2023-09-19,15,21.167,0
"SO2",2023-11-21,17,7.05,0
"SO2",2023-12-10,16,6,0
"SO2",2024-02-03,17,12.925,0
"SO2",2024-02-04,17,13,0
"SO2",2024-02-05,16,10.184,0
"SO2",2024-04-11,16,11.3,0
"SO2",2024-06-13,17,13.789,0
"SO2",2024-06-14,16,12.447,0
"SO2",2024-06-30,17,6.183,0
"SO2",2024-08-13,17,14.19,0
"SO2",2024-08-21,17,13.717,0
"SO2",2024-08-22,17,13.675,0
"SO2",2024-09-01,15,13.475,0
"SO2",2024-09-22,17,9.425,0
"SO2",2024-09-23,17,7.804,0
"SO2",2024-09-25,17,14.139,0
"SO2",2024-09-29,17,12.125,0
"SO2",2024-10-06,15,8.625,0
"SO2",2024-10-13,17,11.75,0
"SO2",2024-10-21,16,6.158,0
"SO2",2024-10-24,17,12,0
"SO2",2024-10-27,15,9.778,0
"SO2",2024-11-14,15,10.816,0
"SO2",2024-12-11,14,8.225,0
"SO2",2024-12-29,17,13.5,0
"SO2",2024-12-31,15,16.861,0
"SO2",2025-01-08,17,7.447,0
"SO2",2025-01-12,16,29.225,1
"SO2",2025-01-20,17,10.3,0
"SO2",2025-01-24,17,11.562,0
"SO2",2025-01-27,17,23.528,0
"SO2",2025-02-16,16,21.725,0
"SO2",2025-02-17,15,27.368,1
"SO2",2025-02-22,16,24.408,0
"SO2",2025-03-10,16,11.6,0
"SO2",2025-03-15,16,26.275,1
"SO2",2025-04-05,16,16.526,0
"SO2",2025-04-07,16,14.36,0
"SO2",2025-04-14,15,25.711,1
"SO2",2025-05-03,17,6.208,0
"SO2",2025-05-04,13,10.986,0
"SO2",2025-05-05,15,20.174,0
"SO2",2025-05-07,15,23.875,0
"SO2",2025-05-08,13,17.861,0
"SO2",2025-05-14,16,27.974,1
"SO2",2025-05-22,17,18.842,0
"SO2",2025-05-25,15,10.85,0
"SO2",2025-05-26,12,14.05,0
"SO2",2025-05-28,17,24.75,0
"SO2",2025-06-01,16,16.7,0
"SO2",2025-06-05,17,16.65,0
"SO2",2025-06-06,17,17,0
"SO2",2025-06-08,17,18.227,0
"SO2",2025-06-11,14,12.421,0
"SO2",2025-06-22,17,8.368,0
"SO2",2025-06-27,17,13.545,0
"SO2",2025-06-28,17,13.947,0
"SO2",2025-06-30,14,7.326,0
"SO2",2025-07-01,17,5.333,0
"SO2",2025-07-15,15,22.278,0
"SO2",2025-07-16,17,20.895,0
"SO2",2025-07-22,17,21.5,0
"SO2",2025-07-27,15,13.528,0
"SO2",2025-07-29,16,21.667,0
"SO2",2025-08-08,15,21.087,0
"SO2",2025-08-09,12,27.553,1
"SO2",2025-08-15,16,20.056,0
"SO2",2025-08-21,14,12.408,0
"SO2",2025-08-22,14,15.292,0
"SO2",2025-08-25,11,13,0
"SO2",2025-09-03,12,12.083,0
"SO2",2025-09-07,17,20.739,0
"SO2",2025-09-08,15,5.413,0
"SO2",2025-09-09,17,12.263,0
"SO2",2025-09-24,17,36,1
"SO2",2025-10-08,16,15.711,0
"SO2",2025-10-12,17,13.37,0
"SO2",2025-11-26,17,16.825,0
"SO2",2025-12-15,13,11.247,0
"SUR",2021-06-30,15,5.208,0
"SUR",2021-07-07,17,8.31,0
"SUR",2021-12-24,17,18.278,0
"SUR",2021-12-25,17,23.348,0
"SUR",2022-01-02,17,13.333,0
"SUR",2022-01-03,16,13.042,0
"SUR",2022-01-05,16,18.583,0
"SUR",2022-01-21,17,18.793,0
"SUR",2022-02-06,17,15.062,0
"SUR",2022-03-08,17,16.271,0
"SUR",2022-03-12,15,10.233,0
"SUR",2022-04-28,15,13,0
"SUR",2022-05-11,16,18.45,0
"SUR",2022-05-24,15,17.132,0
"SUR",2022-06-01,16,11.458,0
"SUR",2022-06-02,16,10.271,0
"SUR",2022-07-19,15,12.975,0
"SUR",2022-07-22,16,12.053,0
"SUR",2022-08-01,15,8.552,0
"SUR",2022-08-24,11,11.875,0
"SUR",2022-08-26,16,12.021,0
"SUR",2022-08-28,17,7.062,0
"SUR",2022-08-30,16,14.87,0
"SUR",2022-08-31,14,9.325,0
"SUR",2022-09-01,15,6.292,0
"SUR",2022-09-07,16,7.575,0
"SUR",2022-09-15,13,9.188,0
"SUR",2022-09-17,17,11.542,0
"SUR",2022-09-18,16,11.792,0
"SUR",2022-09-21,16,11.825,0
"SUR",2022-10-06,17,13.354,0
"SUR",2022-10-08,16,9.062,0
"SUR",2022-10-18,16,13.895,0
"SUR",2022-12-20,17,20.079,0
"SUR",2023-05-28,17,9.5,0
"SUR",2023-07-24,16,7.958,0
"SUR",2023-08-14,12,9.056,0
"SUR",2023-09-07,13,10.375,0
"SUR",2023-09-17,15,9.292,0
"SUR",2024-01-07,16,18.167,0
"SUR",2024-02-18,17,13.389,0
"SUR",2024-03-18,17,6.875,0
"SUR",2024-06-18,17,7.854,0
"SUR",2024-07-06,16,16.816,0
"SUR",2024-07-24,16,6.188,0
"SUR",2024-09-04,16,8.938,0
"SUR",2024-09-15,15,19.85,0
"SUR",2024-09-17,15,11.854,0
"SUR",2025-04-25,17,21.583,0
"SUR",2025-04-26,17,19.292,0
"SUR",2025-05-08,13,16.389,0
"SUR",2025-06-19,16,5.725,0
"SUR",2025-06-29,13,6.19,0
"SUR",2025-07-01,17,5.227,0
"SUR",2025-08-20,15,9.45,0
"SUR",2025-09-06,17,25.189,1
"SUR",2025-09-08,17,8.4,0
"SUR",2025-09-15,14,9.357,0
"SUR",2025-09-17,15,13.111,0
"SUR",2025-10-05,16,9.611,0
"SUR",2025-10-08,14,5.896,0
"SUR",2025-10-29,17,8.611,0
