"estacion","fecha","n_obs","pm25_actual","supera_25_actual","pm25_obs","supera_25_obs"
"CE",2023-10-23,23,25.062,1,24.913,0
"CE",2023-12-31,23,26.167,1,24.304,0
"CE",2024-01-01,22,28.167,1,23.227,0
"CE",2024-03-13,22,24.375,0,25.636,1
"CE",2024-04-14,23,24.778,0,25.217,1
"NE",2022-02-01,23,25.099,1,24.603,0
"NE",2023-01-12,22,24.917,0,26.591,1
"NE2",2021-11-15,23,24.979,0,25.478,1
"NE2",2021-12-02,22,25.208,1,24.773,0
"NE2",2022-04-25,23,25.083,1,24.957,0
"NE2",2022-06-24,20,24.938,0,27.7,1
"NE2",2022-11-26,19,23.479,0,27.737,1
"NE2",2022-12-20,21,23.458,0,25.095,1
"NE2",2023-03-30,23,25,0,25.391,1
"NE2",2023-06-27,18,22.833,0,25.222,1
"NE2",2023-07-04,21,22.875,0,25.429,1
"NE2",2023-07-11,22,24.802,0,25.773,1
"NE2",2023-07-14,23,24.458,0,25.217,1
"NE2",2023-08-10,20,21.958,0,25.15,1
"NE2",2023-09-03,19,24.325,0,25.105,1
"NE2",2023-10-10,23,24.528,0,25.13,1
"NE2",2023-11-02,22,24.25,0,25.364,1
"NE2",2023-11-08,23,24.646,0,25.304,1
"NE2",2024-03-13,20,22.75,0,25.15,1
"NE2",2024-03-31,22,24.917,0,26.045,1
"NE2",2024-08-02,20,26,1,24.3,0
"NE2",2025-12-18,23,24.396,0,25.174,1
"NO",2021-12-22,23,25.771,1,24.522,0
"NO",2021-12-29,21,24.542,0,27.571,1
"NO",2022-03-27,21,25.062,1,24.714,0
"NO",2022-04-04,23,25.125,1,24.957,0
"NO",2022-04-17,22,25.771,1,25,0
"NO",2022-11-06,22,25,0,26.182,1
"NO",2022-12-29,19,22.375,0,26.368,1
"NO",2023-01-16,18,23.938,0,31,1
"NO",2023-01-18,21,24.396,0,26.095,1
"NO",2023-02-05,23,24.562,0,25.391,1
"NO",2023-12-29,21,24.771,0,27.524,1
"NO",2024-02-07,21,23.521,0,26.381,1
"NO2",2022-12-21,22,24.995,0,25.094,1
"NTE",2023-04-01,23,26.25,1,24.783,0
"NTE2",2021-09-29,21,24.875,0,25.333,1
"NTE2",2022-01-12,23,24.896,0,25.13,1
"NTE2",2022-06-14,21,23.521,0,26.238,1
"NTE2",2023-04-01,23,25.417,1,24.609,0
"NTE2",2023-07-14,20,25.696,1,22.3,0
"NTE2",2023-07-15,18,23.833,0,25.889,1
"NTE2",2023-07-16,19,22.729,0,26.789,1
"NTE2",2023-11-20,20,24.552,0,28.2,1
"NTE2",2023-11-26,20,24.062,0,27.4,1
"NTE2",2023-12-09,22,24,0,26,1
"NTE2",2024-03-16,20,21.979,0,25.25,1
"NTE2",2024-04-06,23,24.917,0,25.913,1
"NTE2",2025-02-11,21,25,0,27.524,1
"NTE2",2025-06-04,22,25.229,1,24.727,0
"SE",2021-11-24,23,24.696,0,25.338,1
"SE",2023-02-07,23,24.854,0,25.348,1
"SE",2023-03-30,20,24.773,0,25.4,1
"SE",2025-04-25,18,24.738,0,25.123,1
"SE2",2021-04-29,20,26.542,1,23.4,0
"SE2",2021-07-17,21,23.583,0,25.381,1
"SE2",2022-02-06,22,25.167,1,24.955,0
"SE2",2022-05-25,22,24.652,0,25.364,1
"SE2",2023-08-19,23,24.896,0,25.043,1
"SE2",2023-11-05,23,25,0,25.565,1
"SE2",2024-11-17,22,24.917,0,25.182,1
"SE2",2025-01-29,23,24.562,0,25.043,1
"SE2",2025-02-14,21,25,0,25.857,1
"SE2",2025-05-10,21,24.104,0,26.476,1
"SE3",2021-10-13,22,24.5,0,25.136,1
"SE3",2021-12-11,21,23.396,0,26.286,1
"SE3",2022-07-17,21,24.542,0,25.143,1
"SE3",2022-11-24,23,24.521,0,25.217,1
"SE3",2024-08-02,21,23.75,0,26.429,1
"SE3",2024-12-12,23,25.396,1,24.957,0
"SE3",2025-03-11,22,23.833,0,25.318,1
"SE3",2025-08-17,18,26.3,1,24.889,0
"SE3",2025-12-10,21,24.854,0,26.905,1
"SO",2022-11-26,19,26.842,1,22.589,0
"SO",2023-04-26,23,24.646,0,25.174,1
"SO2",2021-03-31,23,25.438,1,24.957,0
"SO2",2022-02-07,23,24.667,0,25.435,1
"SO2",2023-03-24,21,24.542,0,26.381,1
"SO2",2023-04-01,23,25.229,1,24.913,0
"SO2",2023-06-23,22,24.458,0,26.364,1
"SO2",2024-02-29,22,24.438,0,25.091,1
"SO2",2025-01-15,21,24.625,0,27.286,1
"SO2",2025-02-02,21,24.043,0,25.238,1
"SO2",2025-02-04,23,24.792,0,25.609,1
"SO2",2025-03-16,19,24.7,0,25.421,1
"SO2",2025-03-18,18,24.444,0,28.833,1
"SO2",2025-04-04,18,22.132,0,25.333,1
"SO2",2025-04-15,21,24.348,0,26.048,1
"SO2",2025-04-21,18,23.5,0,25.444,1
"SO2",2025-04-30,22,24.667,0,25.909,1
"SO2",2025-05-27,20,22.458,0,25.8,1
"SO2",2025-07-06,22,24.667,0,26.136,1
"SO2",2025-10-22,19,25.083,1,24.737,0
"SO2",2025-11-30,18,22.935,0,25.5,1
"SUR",2022-02-17,22,23.75,0,25.455,1
"SUR",2022-05-03,22,25.062,1,24.773,0
"SUR",2022-06-12,22,25.042,1,24.409,0
"SUR",2024-07-05,23,25.021,1,25,0
