"temporada","variable","smd"
"calida_humeda","TOUT",0.226
"calida_humeda","RH",-0.24
"calida_humeda","SR",0.106
"calida_humeda","PRS",-0.294
"calida_humeda","viento_u",0.118
"calida_humeda","viento_v",0.014
"calida_humeda","viento_rapidez_ms",-0.216
"calida_humeda","horas_lluvia",-0.276
"seca_calida","TOUT",0.845
"seca_calida","RH",-0.102
"seca_calida","SR",0.155
"seca_calida","PRS",-0.308
"seca_calida","viento_u",0.147
"seca_calida","viento_v",0.028
"seca_calida","viento_rapidez_ms",-0.341
"seca_calida","horas_lluvia",-0.241
"seca_fria","TOUT",0.412
"seca_fria","RH",0.051
"seca_fria","SR",0.239
"seca_fria","PRS",-0.433
"seca_fria","viento_u",0.281
"seca_fria","viento_v",0.007
"seca_fria","viento_rapidez_ms",-0.528
"seca_fria","horas_lluvia",-0.212
