"hoja","anio","CO","NO","NO2","NOX","O3","PM10","PM2.5","PRS","RAINF","RH","SO2","SR","TOUT","WSR","WDR"
"CE",2020,98.1,87.4,87.2,87.2,81.7,94,72.4,97.5,98.1,98.1,98.1,98.1,97.8,98.1,98.1
"NE",2020,51.9,22.7,0,0,0,92.3,88.8,77.6,82.5,76.5,10.1,88.3,77.6,51.6,63.4
"NE2",2020,66.4,1.9,1.9,5.5,10.7,89.1,54.1,95.9,95.9,95.9,53,98.9,95.9,51.4,85.5
"NO",2020,4.1,25.1,8.7,13.1,0.5,95.4,95.6,98.4,98.4,98.4,20.5,98.4,98.4,96.2,48.1
"NO2",2020,98.6,86.3,39.6,86.6,71.6,96.7,81.1,98.6,98.6,98.4,86.3,99.7,98.6,88.5,65
"NTE",2020,0.3,0,0,0,0,74.3,66.1,9.8,30.3,12,0,91.5,9.8,21.3,15.8
"NTE2",2020,75.4,20.2,17.5,17.5,5.7,89.9,51.4,97.8,97.8,97.8,24.9,98.9,97.8,97.8,97.8
"SE",2020,86.6,0,0,0,91,92.9,87.4,81.7,97.5,97.5,88,98.9,89.3,97.5,2.7
"SE2",2020,0.5,9.6,9.3,9.6,0,89.3,65.6,81.1,12.8,0,89.9,99.5,81.1,79,90.7
"SE3",2020,88.3,98.9,98.9,98.9,71,93.2,82.5,98.9,98.9,98.6,85.2,100,98.9,98.9,98.9
"SO",2020,49.5,60.4,44.5,41.3,69.4,97.5,94,89.1,99.7,99.2,75.1,99.7,99.7,99.7,82
"SO2",2020,100,48.9,52.2,52.2,97.3,89.1,76,100,100,100,67.2,100,100,26.2,100
"SUR",2020,3.3,0,0,2.2,0,95.4,33.6,100,100,100,0,100,100,99.2,10.9
"CE",2021,92.1,79.2,78.6,78.4,86,96.2,90.1,97.3,97.3,97.3,91.5,97,97.3,97.3,97.3
"NE",2021,96.2,85.8,84.1,84.1,84.4,98.6,98.4,99.5,99.5,99.2,71.2,98.6,99.5,75.1,98.9
"NE2",2021,91,80.5,80.3,80.3,80.8,92.3,90.1,96.2,96.7,96.2,91.8,99.5,96.7,68.5,95.9
"NE3",2021,92.6,94.5,94.5,94.5,94.5,94.5,0,94,95.1,95.1,83.6,91.8,95.1,89,95.1
"NO",2021,80,93.2,88.5,90.7,79.5,85.8,84.9,98.4,98.4,95.6,96.4,98.4,98.4,84.7,87.9
"NO2",2021,97,94.8,94.8,94.8,95.9,95.6,95.3,87.4,97,93.4,68.5,99.2,92.9,88.5,73.4
"NTE",2021,73.7,66.6,66.6,66.6,81.4,92.9,80.8,74.5,74.5,67.7,71.8,96.2,74.5,74.5,74.5
"NTE2",2021,98.1,76.4,76.4,76.2,89.9,94.5,94.2,98.1,98.4,98.1,30.1,99.7,98.1,98.4,98.4
"SE",2021,94,66.3,77.5,77.5,93.4,93.7,91.8,89.3,96.4,95.9,92.6,99.2,57,96.4,72.1
"SE2",2021,85.8,69.3,69.3,69.3,59.7,89.9,84.9,92.9,74.2,69.9,81.6,98.1,92.9,87.7,92.9
"SE3",2021,93.7,89,89,89,93.7,90.4,84.4,90.7,93.2,90.1,84.7,99.7,93.4,93.2,93.2
"SO",2021,88.8,93.2,93.2,81.9,91.8,94,94.8,90.1,96.4,95.1,94.8,94.2,93.2,96.4,87.4
"SO2",2021,86.8,86.6,86.6,86.6,98.1,94.5,82.5,98.6,98.9,98.6,76.4,100,98.9,57.8,98.9
"SUR",2021,91,81.9,81.9,81.9,83.6,95.3,64.4,98.1,98.1,98.1,69,98.9,98.1,98.1,74.2
"CE",2022,98.1,97.3,97.8,98.1,96.7,97.3,88.8,97.8,98.1,97,92.1,98.6,98.1,98.1,98.1
"NE",2022,99.2,99.2,99.2,99.2,96.7,98.4,95.1,98.6,99.2,98.4,96.4,100,99.2,99.2,99.2
"NE2",2022,99.2,98.4,97.8,98.1,98.4,98.1,95.1,99.2,99.2,98.9,94.5,99.5,98.9,98.4,71.8
"NE3",2022,95.9,97,97,97,97.3,93.2,0,93.7,97.3,97,66.3,79.7,97.3,90.7,97.3
"NO",2022,94.5,82.7,82.7,82.7,94,93.4,74,93.4,97.8,91,86.3,98.6,95.3,93.7,94
"NO2",2022,96.4,98.6,98.6,98.6,98.9,99.2,91.5,46,99.5,87.9,72.3,74.8,99.5,99.5,99.5
"NO3",2022,8.5,8.5,8.5,8.5,8.2,7.9,0,8.5,8.5,8.5,8.2,8.2,8.5,6.8,7.1
"NTE",2022,99.5,99.5,99.5,99.5,96.7,94,83.8,99.5,99.5,89.6,97.3,91.8,99.5,99.5,99.5
"NTE2",2022,99.5,99.5,99.5,99.5,98.9,98.9,97.3,99.2,99.5,98.9,97.8,99.7,99.5,99.5,99.2
"SE",2022,99.7,99.7,99.7,99.7,98.4,98.6,95.1,99.7,99.7,99.5,94.5,100,99.7,99.7,99.7
"SE2",2022,91.8,95.3,95.3,95.3,93.4,94.2,87.9,95.3,100,95.1,94,97.8,95.3,94.8,95.1
"SE3",2022,95.9,98.1,98.1,98.1,98.1,98.1,95.9,90.4,98.1,98.1,97.5,100,98.1,97.8,98.1
"SO",2022,88.2,97.3,97.3,97.3,96.2,97.3,92.6,56.2,97.3,97.3,96.7,97.8,97.3,97.3,97.3
"SO2",2022,98.1,98.6,98.6,98.6,97.8,96.7,98.1,98.6,98.6,97.3,97.8,99.7,98.6,98.6,92.9
"SUR",2022,96.7,99.2,99.2,99.2,97.3,98.9,76.7,98.9,99.2,98.9,81.4,99.2,99.2,99.2,99.2
"CE",2023,95.9,97,97.3,97.3,95.1,96.2,85.2,97.3,97.3,96.7,96.2,98.9,97.3,97.3,97.3
"NE",2023,94,98.1,98.4,98.4,94,96.4,91,98.4,98.4,96.4,97,98.6,98.4,98.4,98.4
"NE2",2023,92.1,97.8,97.8,97.8,91.5,95.1,88.2,97.5,97.8,91,96.7,98.1,97.8,96.2,97.5
"NE3",2023,97.8,94,94,94,94.8,96.4,0,96.4,98.6,98.6,89.6,83.8,98.6,98.6,98.6
"NO",2023,96.4,96.4,96.4,96.4,93.2,96.4,40.8,96.4,96.4,94.2,95.9,96.4,96.4,96.4,96.4
"NO2",2023,98.4,99.5,99.5,99.5,97.3,98.9,86.6,98.9,99.5,98.4,95.9,59.7,99.5,99.5,99.5
"NO3",2023,81.9,84.9,84.9,84.7,83.3,91.8,0,99.7,99.7,18.1,85.2,99.7,99.7,71.2,98.4
"NTE",2023,94,96.2,96.2,96.2,93.4,92.9,90.1,96.4,97,50.4,91,89.3,96.7,96.7,91.5
"NTE2",2023,97,99.7,99.7,99.7,97,97.8,89.6,99.7,99.7,98.9,99.2,99.7,99.7,99.7,99.7
"SE",2023,98.4,99.7,99.7,99.7,97.3,98.4,77.3,99.7,99.7,98.9,98.9,100,99.7,99.7,99.7
"SE2",2023,88.5,99.5,99.5,99.5,99.7,99.7,95.3,99.5,100,99.2,99.7,99.7,99.5,97.5,94.8
"SE3",2023,94.2,97.3,97.3,97.3,93.7,96.4,93.7,92.6,97.3,97.3,95.9,98.9,97.3,95.3,97.3
"SO",2023,100,97.3,96.2,96.2,96.2,99.7,93.2,96.7,100,100,99.7,98.1,100,98.9,100
"SO2",2023,97.8,98.9,98.9,98.9,98.6,95.3,92.9,99.7,99.7,98.9,99.2,99.7,99.7,99.7,99.7
"SUR",2023,97.3,96.2,96.2,96.2,97.5,98.9,78.4,96.4,100,97,99.5,100,97,100,100
"CE",2024,97.3,95.9,95.9,95.9,94.8,96.7,80.1,97,97.3,96.7,97,98.1,97.3,97.3,97.3
"NE",2024,97.3,97.5,97.5,97.5,95.4,96.4,90.4,97,97.5,96.7,97.5,98.1,55.2,97.5,97.5
"NE2",2024,81.7,96.4,96.4,96.4,91.5,93.7,56,94.8,96.4,95.9,96.2,98.9,96.4,95.1,96.4
"NE3",2024,94.5,94.5,94.5,94.5,95.1,95.1,0,96.2,96.4,96.2,6,83.1,95.6,96.2,96.2
"NO",2024,62.8,73,72.1,73,85,89.1,10.7,90.4,90.4,47.5,88.3,92.3,44.3,90.4,90.4
"NO2",2024,97,97,97,97,96.2,96.7,66.4,96.4,97.3,96.4,97.3,54.1,97.3,97.3,97.3
"NO3",2024,87.2,86.3,86.3,86.3,96.7,98.1,24.3,99.5,99.5,92.6,99.5,98.4,99.5,99.2,99.5
"NTE",2024,98.9,98.9,98.9,98.9,96.2,95.6,97,96.7,98.9,26,98.9,83.9,98.9,98.9,98.9
"NTE2",2024,97.8,98.9,98.9,98.9,94,98.6,91,98.6,98.9,98.4,98.9,99.5,98.9,98.9,98.9
"SE",2024,88.3,98.9,98.9,98.9,97.5,96.2,73,98.9,98.9,98.9,98.9,99.5,98.9,98.9,98.9
"SE2",2024,85.5,95.4,92.1,95.9,88.3,94.5,96.4,97.3,100,97.5,95.4,99.7,97.5,97.5,97.5
"SE3",2024,86.1,98.4,98.4,98.4,99.2,99.2,89.9,97.8,99.7,99.2,99.7,99.7,99.5,99.5,99.7
"SO",2024,97,97,97,97,94.5,95.9,79,90.4,96.7,95.1,96.7,97,97,96.4,96.7
"SO2",2024,98.6,100,100,100,99.2,94,88.3,100,100,98.4,99.7,100,100,100,100
"SUR",2024,86.9,97,96.2,96.7,99.5,98.6,76.5,92.3,100,94.3,100,99.5,93.2,100,100
"CE",2025,75.3,87.7,94.5,94.5,96.2,98.6,82.5,97.3,97.3,96.4,96.7,100,97.3,97.3,97.3
"NE",2025,87.4,85.5,85.5,85.5,88.5,94.8,91.2,95.1,95.6,95.1,88.5,97,6.6,94,95.6
"NE2",2025,74,55.9,56.2,56.2,94.2,94.8,4.1,96.4,97.8,95.9,97.3,99.5,96.4,96.2,92.9
"NE3",2025,74.8,82.5,82.5,82.5,93.2,94.5,26,95.1,97.3,96.7,44.7,85.8,97,95.3,97
"NO",2025,91.8,83.8,86.8,83.8,91.8,98.6,3.3,96.2,96.2,88.8,91.5,97.5,89,96.2,96.4
"NO2",2025,96.7,69,69.3,69.3,95.1,98.9,81.1,99.5,99.5,98.9,96.7,72.3,99.5,99.5,99.5
"NO3",2025,71.2,41.4,41.4,41.4,69.6,71.2,12.9,71.2,71,70.4,71,96.4,71,96.7,97.8
"NTE",2025,98.1,98.6,98.6,98.4,96.2,96.4,84.1,98.6,97.8,0.3,77,71,98.6,98.6,98.6
"NTE2",2025,97.5,98.4,98.4,98.4,95.9,97.3,92.9,98.4,98.4,97.5,98.4,99.7,98.4,98.4,98.1
"SE",2025,70.7,95.9,95.9,95.9,97.3,97,84.9,95.9,95.9,95.6,95.9,98.9,95.9,95.6,95.9
"SE2",2025,77.5,96.7,97,97,90.1,96.4,97,97.5,98.9,72.6,96.7,99.2,97.5,97.5,97.5
"SE3",2025,90.4,98.9,98.9,98.9,99.7,98.1,68.8,92.1,98.9,98.6,98.9,95.3,98.9,98.1,98.9
"SO",2025,94.2,91.2,93.7,91.2,95.9,97.8,72.9,88.5,89.3,28.2,97,97,87.4,87.4,87.4
"SO2",2025,84.9,99.7,99.7,99.7,98.6,95.3,66.8,99.7,99.7,99.2,99.7,100,99.7,99.7,99.7
"SUR",2025,90.7,94,94,94,99.5,97.5,76.2,85.2,93.2,85.2,95.9,97.3,85.2,92.6,93.2
