"archivo","hoja","anio","dias_esperados","dias_completos_contaminantes","dias_completos_meteorologia","dias_completos_todo"
"BD 2020.xlsx","CE",2020,366,200,358,200
"BD 2020.xlsx","NE",2020,366,0,134,0
"BD 2020.xlsx","NE2",2020,366,7,155,6
"BD 2020.xlsx","NO",2020,366,0,168,0
"BD 2020.xlsx","NO2",2020,366,93,232,64
"BD 2020.xlsx","NTE",2020,366,0,17,0
"BD 2020.xlsx","NTE2",2020,366,5,358,5
"BD 2020.xlsx","SE",2020,366,0,10,0
"BD 2020.xlsx","SE2",2020,366,0,0,0
"BD 2020.xlsx","SE3",2020,366,181,361,181
"BD 2020.xlsx","SO",2020,366,107,298,81
"BD 2020.xlsx","SO2",2020,366,107,96,19
"BD 2020.xlsx","SUR",2020,366,0,40,0
"BD 2021.xlsx","CE",2021,365,239,355,239
"BD 2021.xlsx","NE",2021,365,288,274,268
"BD 2021.xlsx","NE2",2021,365,254,250,234
"BD 2021.xlsx","NE3",2021,365,0,325,0
"BD 2021.xlsx","NO",2021,365,256,268,187
"BD 2021.xlsx","NO2",2021,365,331,251,243
"BD 2021.xlsx","NTE",2021,365,149,247,127
"BD 2021.xlsx","NTE2",2021,365,265,358,265
"BD 2021.xlsx","SE",2021,365,255,162,148
"BD 2021.xlsx","SE2",2021,365,163,242,148
"BD 2021.xlsx","SE3",2021,365,284,329,283
"BD 2021.xlsx","SO",2021,365,288,302,251
"BD 2021.xlsx","SO2",2021,365,244,211,180
"BD 2021.xlsx","SUR",2021,365,218,271,201
"BD 2022.xlsx","CE",2022,365,317,354,316
"BD 2022.xlsx","NE",2022,365,336,359,333
"BD 2022.xlsx","NE2",2022,365,336,257,235
"BD 2022.xlsx","NE3",2022,365,0,330,0
"BD 2022.xlsx","NO",2022,365,216,331,211
"BD 2022.xlsx","NO2",2022,365,318,321,284
"BD 2022.xlsx","NO3",2022,365,0,21,0
"BD 2022.xlsx","NTE",2022,365,290,327,270
"BD 2022.xlsx","NTE2",2022,365,351,360,348
"BD 2022.xlsx","SE",2022,365,339,363,339
"BD 2022.xlsx","SE2",2022,365,300,346,298
"BD 2022.xlsx","SE3",2022,365,344,357,343
"BD 2022.xlsx","SO",2022,365,305,355,305
"BD 2022.xlsx","SO2",2022,365,346,334,323
"BD 2022.xlsx","SUR",2022,365,265,361,265
"BD 2023.xlsx","CE",2023,365,297,353,295
"BD 2023.xlsx","NE",2023,365,294,352,290
"BD 2023.xlsx","NE2",2023,365,274,326,251
"BD 2023.xlsx","NE3",2023,365,0,360,0
"BD 2023.xlsx","NO",2023,365,138,344,135
"BD 2023.xlsx","NO2",2023,365,306,359,303
"BD 2023.xlsx","NO3",2023,365,0,27,0
"BD 2023.xlsx","NTE",2023,365,301,171,145
"BD 2023.xlsx","NTE2",2023,365,306,361,305
"BD 2023.xlsx","SE",2023,365,269,361,267
"BD 2023.xlsx","SE2",2023,365,306,342,285
"BD 2023.xlsx","SE3",2023,365,317,348,312
"BD 2023.xlsx","SO",2023,365,313,361,309
"BD 2023.xlsx","SO2",2023,365,322,361,320
"BD 2023.xlsx","SUR",2023,365,259,354,250
"BD 2024.xlsx","CE",2024,366,280,354,279
"BD 2024.xlsx","NE",2024,366,320,202,175
"BD 2024.xlsx","NE2",2024,366,150,346,149
"BD 2024.xlsx","NE3",2024,366,0,349,0
"BD 2024.xlsx","NO",2024,366,31,161,31
"BD 2024.xlsx","NO2",2024,366,239,353,239
"BD 2024.xlsx","NO3",2024,366,82,338,82
"BD 2024.xlsx","NTE",2024,366,334,95,92
"BD 2024.xlsx","NTE2",2024,366,316,360,315
"BD 2024.xlsx","SE",2024,366,230,362,230
"BD 2024.xlsx","SE2",2024,366,260,357,260
"BD 2024.xlsx","SE3",2024,366,292,362,290
"BD 2024.xlsx","SO",2024,366,280,347,275
"BD 2024.xlsx","SO2",2024,366,301,360,297
"BD 2024.xlsx","SUR",2024,366,241,340,225
"BD 2025.xlsx","CE",2025,365,221,352,219
"BD 2025.xlsx","NE",2025,365,282,24,22
"BD 2025.xlsx","NE2",2025,365,12,336,12
"BD 2025.xlsx","NE3",2025,365,34,345,32
"BD 2025.xlsx","NO",2025,365,12,324,12
"BD 2025.xlsx","NO2",2025,365,207,361,207
"BD 2025.xlsx","NO3",2025,365,45,253,44
"BD 2025.xlsx","NTE",2025,365,290,1,1
"BD 2025.xlsx","NTE2",2025,365,319,355,318
"BD 2025.xlsx","SE",2025,365,223,348,222
"BD 2025.xlsx","SE2",2025,365,259,265,183
"BD 2025.xlsx","SE3",2025,365,216,357,214
"BD 2025.xlsx","SO",2025,365,236,103,71
"BD 2025.xlsx","SO2",2025,365,186,362,186
"BD 2025.xlsx","SUR",2025,365,239,309,211
