"hoja","anio","horas_comparables","dif_gt_1ppb","dif_gt_5ppb","pct_dif_gt_1ppb","pct_dif_gt_5ppb","dif_mediana","dif_p95","dif_max"
"CE",2020,7750,4,2,0.0516129032258065,0.0258064516129032,0,0.100000000000001,16.6
"NE",2020,0,0,0,,,,,
"NE2",2020,171,12,7,7.01754385964912,4.09356725146199,0.200000000000003,2.65000000000001,41.8
"NO",2020,828,3,0,0.36231884057971,0,0.199999999999999,0.300000000000001,4.9
"NO2",2020,5270,40,34,0.759013282732448,0.645161290322581,0.300000000000004,0.5,16.3
"NTE",2020,0,0,0,,,,,
"NTE2",2020,1568,101,11,6.44132653061224,0.701530612244898,0.100000000000001,1.39999999999999,31.2
"SE",2020,0,0,0,,,,,
"SE2",2020,849,231,0,27.208480565371,0,0.299999999999997,1.3,1.40000000000003
"SE3",2020,8603,0,0,0,0,0.0999999999999996,0.200000000000003,0.400000000000006
"SO",2020,3233,0,0,0,0,0.2,0.8,1
"SO2",2020,4380,8,1,0.182648401826484,0.0228310502283105,0.0999999999999996,0.299999999999997,5.6
"SUR",2020,0,0,0,,,,,
"CE",2021,7063,1,1,0.0141582896786068,0.0141582896786068,0.2,0.300000000000001,7.2
"NE",2021,7128,5,0,0.0701459034792368,0,0.100000000000001,0.200000000000003,2.6
"NE2",2021,7059,10,1,0.141663125088539,0.0141663125088539,0.0999999999999996,0.200000000000003,9.09999999999999
"NE3",2021,8270,63,0,0.761789600967352,0,0.600000000000001,0.799999999999999,1.20000000000002
"NO",2021,7880,10,0,0.126903553299492,0,0.0999999999999996,0.200000000000003,2.7
"NO2",2021,8153,19,1,0.233043051637434,0.0122654237703913,0.6,0.700000000000003,12.4
"NTE",2021,5837,271,46,4.64279595682714,0.788076066472503,0.0999999999999996,0.300000000000011,14.8
"NTE2",2021,6944,4627,0,66.633064516129,0,2,2.1,4.1
"SE",2021,5981,42,0,0.702223708409965,0,0.0999999999999979,0.200000000000003,3.7
"SE2",2021,6563,2,0,0.0304738686576261,0,0,0.100000000000001,1.3
"SE3",2021,7975,153,2,1.91849529780564,0.0250783699059561,0.100000000000001,0.299999999999997,8.30000000000001
"SO",2021,7632,33,0,0.432389937106918,0,0.199999999999999,0.300000000000001,2.90000000000001
"SO2",2021,7994,6,0,0.0750562922191644,0,7.105427357601e-15,0.200000000000003,4.50000000000001
"SUR",2021,6952,18,0,0.25891829689298,0,0.0999999999999996,0.299999999999997,3.3
"CE",2022,8255,1,0,0.0121138703815869,0,0.2,0.300000000000001,3.2
"NE",2022,8578,10,0,0.116577290743763,0,0.100000000000001,0.200000000000017,3.9
"NE2",2022,8505,0,0,0,0,0,0.100000000000001,0.300000000000001
"NE3",2022,8324,254,0,3.05141758769822,0,0.800000000000001,0.900000000000006,1.40000000000001
"NO",2022,7519,2,1,0.0265992818193909,0.0132996409096954,0,0.100000000000001,71.6
"NO2",2022,8521,23,0,0.269921370731135,0,0.0999999999999996,0.200000000000003,3.3
"NO3",2022,743,1,0,0.134589502018843,0,0.100000000000001,0.299999999999997,3.9
"NTE",2022,8435,0,0,0,0,0.0999999999999996,0.200000000000001,0.300000000000011
"NTE2",2022,8692,0,0,0,0,0,0.100000000000001,0.700000000000003
"SE",2022,8378,17,0,0.202912389591788,0,0.0999999999999943,0.200000000000003,3
"SE2",2022,8296,1,0,0.0120540019286403,0,0,0.100000000000001,4.80000000000001
"SE3",2022,8448,1,0,0.0118371212121212,0,0.100000000000001,0.200000000000003,1.4
"SO",2022,8480,29,0,0.341981132075472,0,0.199999999999999,0.399999999999999,2.7
"SO2",2022,8491,1,0,0.0117771758332352,0,3.5527136788005e-15,0.100000000000001,1.8
"SUR",2022,8482,0,0,0,0,1.77635683940025e-15,0.200000000000003,0.5
"CE",2023,8284,1,0,0.012071463061323,0,0.199999999999999,0.300000000000001,1.40000000000001
"NE",2023,8605,2,0,0.0232423009877978,0,0,0.100000000000001,1.2
"NE2",2023,8572,2,0,0.0233317778814746,0,0,0.100000000000001,3.5
"NE3",2023,8178,7128,0,87.1606749816581,0,1.3,1.4,1.80000000000001
"NO",2023,8308,1,0,0.0120365912373616,0,0,0.100000000000001,1.5
"NO2",2023,8587,14,1,0.163037149178992,0.0116455106556423,0.0999999999999996,0.200000000000003,5.6
"NO3",2023,7359,10,2,0.13588802826471,0.027177605652942,0.100000000000001,0.200000000000001,17.6
"NTE",2023,8304,1,0,0.0120423892100193,0,8.88178419700125e-16,0.100000000000009,1.2
"NTE2",2023,8699,1,0,0.0114955742039315,0,0,0.100000000000001,1.30000000000001
"SE",2023,8516,1,0,0.0117426021606388,0,1.77635683940025e-15,0.199999999999999,3.8
"SE2",2023,8584,0,0,0,0,0,0.100000000000001,0.399999999999999
"SE3",2023,8460,2,1,0.0236406619385343,0.0118203309692671,0.100000000000001,0.200000000000003,5.29999999999998
"SO",2023,8470,17,0,0.200708382526564,0,0.100000000000001,0.300000000000001,1.7
"SO2",2023,8561,10,0,0.116808784020558,0,1.77635683940025e-15,0.100000000000001,3.5
"SUR",2023,8310,0,0,0,0,0.0999999999999996,0.299999999999997,0.599999999999998
"CE",2024,8501,161,49,1.89389483590166,0.576402776143983,0.199999999999999,0.300000000000004,69.75
"NE",2024,8616,2,0,0.0232126276694522,0,7.105427357601e-15,0.199999999999999,1.7
"NE2",2024,8511,0,0,0,0,0,0.100000000000001,0.200000000000003
"NE3",2024,8210,4610,0,56.1510353227771,0,1.1,3.2,4.39999999999999
"NO",2024,6608,1,0,0.0151331719128329,0,0,0.100000000000001,1.4
"NO2",2024,8339,16,1,0.19186952872047,0.0119918455450294,0.0999999999999996,0.200000000000003,14.1
"NO3",2024,7509,0,0,0,0,0.0999999999999996,0.200000000000001,0.599999999999994
"NTE",2024,8484,1,0,0.0117868929750118,0,0,0.100000000000001,1.40000000000001
"NTE2",2024,8665,5,1,0.0577034045008656,0.0115406809001731,1.77635683940025e-15,0.100000000000009,6
"SE",2024,8601,16,2,0.186024880827811,0.0232531101034763,0.0999999999999943,0.200000000000003,5.5
"SE2",2024,8033,0,0,0,0,0,0.100000000000001,0.200000000000003
"SE3",2024,8534,4,0,0.0468713381767049,0,0.0999999999999996,0.200000000000003,2.5
"SO",2024,8494,24,2,0.282552389922298,0.0235460324935248,0.199999999999999,0.300000000000001,5.40000000000001
"SO2",2024,8681,31,5,0.357101716392121,0.0575970510309872,0,0.100000000000001,10
"SUR",2024,8248,2,1,0.0242483026188167,0.0121241513094083,0.0999999999999996,0.299999999999997,7.8
"CE",2025,7756,757,568,9.76018566271274,7.3233625580196,0.199999999999989,8.425,42.1
"NE",2025,7594,3,0,0.0395048722675797,0,0.100000000000001,0.200000000000003,1.9
"NE2",2025,5096,138,114,2.70800627943485,2.23704866562009,7.105427357601e-15,0.200000000000017,65
"NE3",2025,7157,4451,2,62.1908620930558,0.0279446695542825,1.3,4.8,5.2
"NO",2025,7081,327,269,4.61799180906652,3.7988984606694,0,0.4,85.3
"NO2",2025,6021,22,0,0.365387809333998,0,0.0999999999999996,0.200000000000003,2.6
"NO3",2025,3641,1,0,0.0274649821477616,0,0.199999999999999,0.299999999999999,3.1
"NTE",2025,8467,0,0,0,0,0.0999999999999996,0.2,0.9
"NTE2",2025,8618,5,0,0.0580181016477141,0,3.5527136788005e-15,0.100000000000009,3
"SE",2025,8232,11,0,0.133624878522838,0,0.0999999999999943,0.200000000000003,2.4
"SE2",2025,8232,3,1,0.0364431486880466,0.0121477162293489,0,0.100000000000001,7.5
"SE3",2025,8552,0,0,0,0,0.100000000000001,0.200000000000003,0.400000000000006
"SO",2025,8180,61,31,0.745721271393643,0.378973105134474,5.6843418860808e-14,0.299999999999997,59.4
"SO2",2025,8637,2,1,0.0231561884913743,0.0115780942456872,0,0.100000000000001,10.3
"SUR",2025,8053,1,0,0.0124177325220415,0,0.0999999999999996,0.299999999999997,1.6
