"hoja","anio","horas_comparables","pm25_gt_pm10","pm25_gt_pm10_mas5","pct_pm25_gt_pm10","pct_pm25_gt_pm10_mas5"
"CE",2020,6767,0,0,0,0
"NE",2020,7919,0,0,0,0
"NE2",2020,5694,0,0,0,0
"NO",2020,8453,0,0,0,0
"NO2",2020,7216,0,0,0,0
"NTE",2020,5824,0,0,0,0
"NTE2",2020,4613,0,0,0,0
"SE",2020,7807,0,0,0,0
"SE2",2020,5839,0,0,0,0
"SE3",2020,6964,0,0,0,0
"SO",2020,8154,0,0,0,0
"SO2",2020,6578,0,0,0,0
"SUR",2020,3020,0,0,0,0
"CE",2021,7828,0,0,0,0
"NE",2021,8526,0,0,0,0
"NE2",2021,7718,0,0,0,0
"NE3",2021,0,0,0,,
"NO",2021,7543,0,0,0,0
"NO2",2021,8186,0,0,0,0
"NTE",2021,7082,0,0,0,0
"NTE2",2021,7811,0,0,0,0
"SE",2021,8078,0,0,0,0
"SE2",2021,7269,0,0,0,0
"SE3",2021,7282,0,0,0,0
"SO",2021,8156,0,0,0,0
"SO2",2021,7134,0,0,0,0
"SUR",2021,5885,0,0,0,0
"CE",2022,7868,0,0,0,0
"NE",2022,8271,0,0,0,0
"NE2",2022,8056,0,0,0,0
"NE3",2022,0,0,0,,
"NO",2022,6648,0,0,0,0
"NO2",2022,7997,0,0,0,0
"NO3",2022,0,0,0,,
"NTE",2022,7379,0,0,0,0
"NTE2",2022,8212,0,0,0,0
"SE",2022,8216,0,0,0,0
"SE2",2022,7463,1,1,0.0133994372236366,0.0133994372236366
"SE3",2022,8199,0,0,0,0
"SO",2022,8118,1,0,0.0123183050012318,0
"SO2",2022,8228,0,0,0,0
"SUR",2022,6804,0,0,0,0
"CE",2023,7668,1,1,0.0130412102243088,0.0130412102243088
"NE",2023,7717,5,5,0.0647920176234288,0.0647920176234288
"NE2",2023,7561,0,0,0,0
"NE3",2023,0,0,0,,
"NO",2023,4010,5,3,0.124688279301746,0.0748129675810474
"NO2",2023,7690,0,0,0,0
"NO3",2023,0,0,0,,
"NTE",2023,7606,0,0,0,0
"NTE2",2023,7715,0,0,0,0
"SE",2023,6991,0,0,0,0
"SE2",2023,8119,4,4,0.0492671511269861,0.0492671511269861
"SE3",2023,8033,0,0,0,0
"SO",2023,8135,5,5,0.0614628149969269,0.0614628149969269
"SO2",2023,7710,0,0,0,0
"SUR",2023,6896,0,0,0,0
"CE",2024,7056,0,0,0,0
"NE",2024,7880,1,1,0.0126903553299492,0.0126903553299492
"NE2",2024,5039,0,0,0,0
"NE3",2024,0,0,0,,
"NO",2024,1446,1,1,0.0691562932226833,0.0691562932226833
"NO2",2024,6014,0,0,0,0
"NO3",2024,2322,0,0,0,0
"NTE",2024,7954,0,0,0,0
"NTE2",2024,7897,1,0,0.0126630365961758,0
"SE",2024,6448,1,1,0.0155086848635236,0.0155086848635236
"SE2",2024,8131,0,0,0,0
"SE3",2024,7869,0,0,0,0
"SO",2024,6919,1,1,0.0144529556294262,0.0144529556294262
"SO2",2024,7425,2,1,0.0269360269360269,0.0134680134680135
"SUR",2024,6973,2,1,0.0286820593718629,0.0143410296859315
"CE",2025,7487,0,0,0,0
"NE",2025,8062,0,0,0,0
"NE2",2025,363,0,0,0,0
"NE3",2025,2165,0,0,0,0
"NO",2025,295,0,0,0,0
"NO2",2025,7380,0,0,0,0
"NO3",2025,1198,0,0,0,0
"NTE",2025,7563,0,0,0,0
"NTE2",2025,7797,2,0,0.0256508913684751,0
"SE",2025,7592,0,0,0,0
"SE2",2025,8143,0,0,0,0
"SE3",2025,6910,0,0,0,0
"SO",2025,6801,2,1,0.0294074400823408,0.0147037200411704
"SO2",2025,6534,0,0,0,0
"SUR",2025,6940,2,0,0.0288184438040346,0
