"estacion","SR_dias_M","SR_horas_M","WSR_horas_marcadas","WSR_dias_invalidados","WSR_horas_E","WDR_horas_E","uv_horas_E"
"CE",458,10880,2,0,2,2,2
"NE",2,48,0,0,0,0,0
"NE2",201,4800,317,39,937,953,937
"NE3",3,57,0,0,0,0,0
"NO",63,1482,16,2,42,38,42
"NO2",541,12934,3,1,19,22,19
"NO3",6,115,403,40,865,937,865
"NTE",8,144,0,0,0,0,0
"NTE2",0,0,0,0,0,0,0
"SE",0,0,1,0,1,1,1
"SE2",37,886,0,0,0,0,0
"SE3",714,17091,0,0,0,0,0
"SO",34,742,28,4,102,100,102
"SO2",1,24,1029,105,2457,2486,2457
"SUR",12,288,1,0,1,0,1
"TOTAL",2080,49491,1800,191,4426,4539,4426
