"estacion","anio","temporada","dias_totales","dias_completos_A","dias_completos_B","dias_completos_A_sin_imputar","dias_completos_B_sin_imputar","pct_A","pct_B"
"CE",2020,"calida_humeda",153,0,0,0,0,0,0
"CE",2020,"seca_calida",92,0,0,0,0,0,0
"CE",2020,"seca_fria",121,0,0,0,0,0,0
"CE",2021,"calida_humeda",153,128,124,125,121,83.7,81
"CE",2021,"seca_calida",92,54,35,54,35,58.7,38
"CE",2021,"seca_fria",120,57,57,57,57,47.5,47.5
"CE",2022,"calida_humeda",153,144,130,134,120,94.1,85
"CE",2022,"seca_calida",92,88,82,82,77,95.7,89.1
"CE",2022,"seca_fria",120,110,101,109,100,91.7,84.2
"CE",2023,"calida_humeda",153,143,131,142,128,93.5,85.6
"CE",2023,"seca_calida",92,87,84,85,82,94.6,91.3
"CE",2023,"seca_fria",120,110,88,105,81,91.7,73.3
"CE",2024,"calida_humeda",153,148,130,148,130,96.7,85
"CE",2024,"seca_calida",92,83,56,82,55,90.2,60.9
"CE",2024,"seca_fria",121,105,91,104,89,86.8,75.2
"CE",2025,"calida_humeda",153,104,92,99,88,68,60.1
"CE",2025,"seca_calida",92,86,72,85,69,93.5,78.3
"CE",2025,"seca_fria",120,70,62,68,60,58.3,51.7
"NE",2020,"calida_humeda",153,0,0,0,0,0,0
"NE",2020,"seca_calida",92,0,0,0,0,0,0
"NE",2020,"seca_fria",121,0,0,0,0,0,0
"NE",2021,"calida_humeda",153,147,146,139,138,96.1,95.4
"NE",2021,"seca_calida",92,45,45,38,38,48.9,48.9
"NE",2021,"seca_fria",120,58,58,57,57,48.3,48.3
"NE",2022,"calida_humeda",153,149,142,146,139,97.4,92.8
"NE",2022,"seca_calida",92,90,85,88,84,97.8,92.4
"NE",2022,"seca_fria",120,106,104,100,98,88.3,86.7
"NE",2023,"calida_humeda",153,129,118,128,116,84.3,77.1
"NE",2023,"seca_calida",92,86,72,81,67,93.5,78.3
"NE",2023,"seca_fria",120,101,100,99,98,84.2,83.3
"NE",2024,"calida_humeda",153,56,42,56,41,36.6,27.5
"NE",2024,"seca_calida",92,85,85,83,81,92.4,92.4
"NE",2024,"seca_fria",121,49,49,46,46,40.5,40.5
"NE",2025,"calida_humeda",153,24,22,24,22,15.7,14.4
"NE",2025,"seca_calida",92,0,0,0,0,0,0
"NE",2025,"seca_fria",120,0,0,0,0,0,0
"NE2",2020,"calida_humeda",153,0,0,0,0,0,0
"NE2",2020,"seca_calida",92,0,0,0,0,0,0
"NE2",2020,"seca_fria",121,6,6,6,6,5,5
"NE2",2021,"calida_humeda",153,140,140,138,138,91.5,91.5
"NE2",2021,"seca_calida",92,50,50,50,50,54.3,54.3
"NE2",2021,"seca_fria",120,30,30,30,30,25,25
"NE2",2022,"calida_humeda",153,53,47,51,44,34.6,30.7
"NE2",2022,"seca_calida",92,84,84,80,80,91.3,91.3
"NE2",2022,"seca_fria",120,105,102,100,98,87.5,85
"NE2",2023,"calida_humeda",153,106,100,106,95,69.3,65.4
"NE2",2023,"seca_calida",92,64,61,64,59,69.6,66.3
"NE2",2023,"seca_fria",120,105,103,98,90,87.5,85.8
"NE2",2024,"calida_humeda",153,87,27,85,17,56.9,17.6
"NE2",2024,"seca_calida",92,81,81,78,76,88,88
"NE2",2024,"seca_fria",121,115,57,115,55,95,47.1
"NE2",2025,"calida_humeda",153,54,0,53,0,35.3,0
"NE2",2025,"seca_calida",92,0,0,0,0,0,0
"NE2",2025,"seca_fria",120,97,12,97,12,80.8,10
"NE3",2021,"calida_humeda",153,110,0,100,0,71.9,0
"NE3",2021,"seca_calida",92,68,0,59,0,73.9,0
"NE3",2021,"seca_fria",120,96,0,92,0,80,0
"NE3",2022,"calida_humeda",153,83,0,58,0,54.2,0
"NE3",2022,"seca_calida",92,46,0,32,0,50,0
"NE3",2022,"seca_fria",120,66,0,64,0,55,0
"NE3",2023,"calida_humeda",153,99,0,99,0,64.7,0
"NE3",2023,"seca_calida",92,65,0,55,0,70.7,0
"NE3",2023,"seca_fria",120,89,0,82,0,74.2,0
"NE3",2024,"calida_humeda",153,0,0,0,0,0,0
"NE3",2024,"seca_calida",92,0,0,0,0,0,0
"NE3",2024,"seca_fria",121,1,0,1,0,0.8,0
"NE3",2025,"calida_humeda",153,76,27,75,27,49.7,17.6
"NE3",2025,"seca_calida",92,0,0,0,0,0,0
"NE3",2025,"seca_fria",120,0,0,0,0,0,0
"NO",2020,"calida_humeda",153,0,0,0,0,0,0
"NO",2020,"seca_calida",92,0,0,0,0,0,0
"NO",2020,"seca_fria",121,0,0,0,0,0,0
"NO",2021,"calida_humeda",153,57,57,56,56,37.3,37.3
"NO",2021,"seca_calida",92,49,49,47,47,53.3,53.3
"NO",2021,"seca_fria",120,31,31,31,30,25.8,25.8
"NO",2022,"calida_humeda",153,117,91,103,73,76.5,59.5
"NO",2022,"seca_calida",92,72,72,66,66,78.3,78.3
"NO",2022,"seca_fria",120,86,63,80,51,71.7,52.5
"NO",2023,"calida_humeda",153,142,49,142,34,92.8,32
"NO",2023,"seca_calida",92,90,25,88,23,97.8,27.2
"NO",2023,"seca_fria",120,103,85,102,78,85.8,70.8
"NO",2024,"calida_humeda",153,8,0,6,0,5.2,0
"NO",2024,"seca_calida",92,74,8,73,2,80.4,8.7
"NO",2024,"seca_fria",121,48,35,48,29,39.7,28.9
"NO",2025,"calida_humeda",153,140,12,140,12,91.5,7.8
"NO",2025,"seca_calida",92,76,0,75,0,82.6,0
"NO",2025,"seca_fria",120,52,0,52,0,43.3,0
"NO2",2020,"calida_humeda",153,40,36,18,17,26.1,23.5
"NO2",2020,"seca_calida",92,61,51,44,35,66.3,55.4
"NO2",2020,"seca_fria",121,15,10,11,8,12.4,8.3
"NO2",2021,"calida_humeda",153,66,64,45,43,43.1,41.8
"NO2",2021,"seca_calida",92,8,8,5,5,8.7,8.7
"NO2",2021,"seca_fria",120,7,7,2,2,5.8,5.8
"NO2",2022,"calida_humeda",153,1,1,1,1,0.7,0.7
"NO2",2022,"seca_calida",92,1,1,1,1,1.1,1.1
"NO2",2022,"seca_fria",120,0,0,0,0,0,0
"NO2",2023,"calida_humeda",153,67,56,67,56,43.8,36.6
"NO2",2023,"seca_calida",92,18,18,18,18,19.6,19.6
"NO2",2023,"seca_fria",120,40,29,40,29,33.3,24.2
"NO2",2024,"calida_humeda",153,38,14,38,14,24.8,9.2
"NO2",2024,"seca_calida",92,80,62,78,58,87,67.4
"NO2",2024,"seca_fria",121,67,41,66,40,55.4,33.9
"NO2",2025,"calida_humeda",153,63,52,63,52,41.2,34
"NO2",2025,"seca_calida",92,1,1,1,1,1.1,1.1
"NO2",2025,"seca_fria",120,91,74,91,73,75.8,61.7
"NO3",2022,"calida_humeda",153,0,0,0,0,0,0
"NO3",2022,"seca_calida",92,0,0,0,0,0,0
"NO3",2022,"seca_fria",120,19,0,18,0,15.8,0
"NO3",2023,"calida_humeda",153,0,0,0,0,0,0
"NO3",2023,"seca_calida",92,2,0,2,0,2.2,0
"NO3",2023,"seca_fria",120,10,0,8,0,8.3,0
"NO3",2024,"calida_humeda",153,113,63,113,63,73.9,41.2
"NO3",2024,"seca_calida",92,89,19,88,19,96.7,20.7
"NO3",2024,"seca_fria",121,32,0,32,0,26.4,0
"NO3",2025,"calida_humeda",153,88,22,87,22,57.5,14.4
"NO3",2025,"seca_calida",92,0,0,0,0,0,0
"NO3",2025,"seca_fria",120,49,22,49,21,40.8,18.3
"NTE",2020,"calida_humeda",153,0,0,0,0,0,0
"NTE",2020,"seca_calida",92,0,0,0,0,0,0
"NTE",2020,"seca_fria",121,0,0,0,0,0,0
"NTE",2021,"calida_humeda",153,83,64,78,57,54.2,41.8
"NTE",2021,"seca_calida",92,17,16,11,10,18.5,17.4
"NTE",2021,"seca_fria",120,48,44,45,41,40,36.7
"NTE",2022,"calida_humeda",153,140,127,138,124,91.5,83
"NTE",2022,"seca_calida",92,58,53,58,53,63,57.6
"NTE",2022,"seca_fria",120,76,67,74,64,63.3,55.8
"NTE",2023,"calida_humeda",153,76,67,75,64,49.7,43.8
"NTE",2023,"seca_calida",92,59,57,54,52,64.1,62
"NTE",2023,"seca_fria",120,0,0,0,0,0,0
"NTE",2024,"calida_humeda",153,0,0,0,0,0,0
"NTE",2024,"seca_calida",92,12,12,12,12,13,13
"NTE",2024,"seca_fria",121,4,4,4,4,3.3,3.3
"NTE",2025,"calida_humeda",153,0,0,0,0,0,0
"NTE",2025,"seca_calida",92,0,0,0,0,0,0
"NTE",2025,"seca_fria",120,0,0,0,0,0,0
"NTE2",2020,"calida_humeda",153,0,0,0,0,0,0
"NTE2",2020,"seca_calida",92,8,3,8,0,8.7,3.3
"NTE2",2020,"seca_fria",121,5,5,5,5,4.1,4.1
"NTE2",2021,"calida_humeda",153,28,28,27,26,18.3,18.3
"NTE2",2021,"seca_calida",92,17,16,14,13,18.5,17.4
"NTE2",2021,"seca_fria",120,61,61,61,60,50.8,50.8
"NTE2",2022,"calida_humeda",153,151,148,150,146,98.7,96.7
"NTE2",2022,"seca_calida",92,91,91,90,90,98.9,98.9
"NTE2",2022,"seca_fria",120,113,112,110,106,94.2,93.3
"NTE2",2023,"calida_humeda",153,139,126,139,113,90.8,82.4
"NTE2",2023,"seca_calida",92,91,89,90,86,98.9,96.7
"NTE2",2023,"seca_fria",120,108,106,106,104,90,88.3
"NTE2",2024,"calida_humeda",153,132,128,131,121,86.3,83.7
"NTE2",2024,"seca_calida",92,87,83,86,81,94.6,90.2
"NTE2",2024,"seca_fria",121,120,116,120,111,99.2,95.9
"NTE2",2025,"calida_humeda",153,141,139,141,136,92.2,90.8
"NTE2",2025,"seca_calida",92,86,85,86,83,93.5,92.4
"NTE2",2025,"seca_fria",120,114,107,111,99,95,89.2
"SE",2020,"calida_humeda",153,0,0,0,0,0,0
"SE",2020,"seca_calida",92,0,0,0,0,0,0
"SE",2020,"seca_fria",121,0,0,0,0,0,0
"SE",2021,"calida_humeda",153,71,66,68,63,46.4,43.1
"SE",2021,"seca_calida",92,20,20,19,19,21.7,21.7
"SE",2021,"seca_fria",120,59,58,59,58,49.2,48.3
"SE",2022,"calida_humeda",153,148,138,138,128,96.7,90.2
"SE",2022,"seca_calida",92,90,89,85,84,97.8,96.7
"SE",2022,"seca_fria",120,113,112,112,108,94.2,93.3
"SE",2023,"calida_humeda",153,148,116,148,116,96.7,75.8
"SE",2023,"seca_calida",92,87,66,84,63,94.6,71.7
"SE",2023,"seca_fria",120,108,87,106,83,90,72.5
"SE",2024,"calida_humeda",153,151,133,151,133,98.7,86.9
"SE",2024,"seca_calida",92,83,44,83,43,90.2,47.8
"SE",2024,"seca_fria",121,76,53,76,53,62.8,43.8
"SE",2025,"calida_humeda",153,146,125,146,125,95.4,81.7
"SE",2025,"seca_calida",92,53,48,52,47,57.6,52.2
"SE",2025,"seca_fria",120,54,50,54,50,45,41.7
"SE2",2020,"calida_humeda",153,0,0,0,0,0,0
"SE2",2020,"seca_calida",92,0,0,0,0,0,0
"SE2",2020,"seca_fria",121,0,0,0,0,0,0
"SE2",2021,"calida_humeda",153,100,89,96,84,65.4,58.2
"SE2",2021,"seca_calida",92,6,6,5,5,6.5,6.5
"SE2",2021,"seca_fria",120,56,55,54,52,46.7,45.8
"SE2",2022,"calida_humeda",153,140,139,137,134,91.5,90.8
"SE2",2022,"seca_calida",92,84,84,83,83,91.3,91.3
"SE2",2022,"seca_fria",120,99,79,95,75,82.5,65.8
"SE2",2023,"calida_humeda",153,125,124,119,116,81.7,81
"SE2",2023,"seca_calida",92,67,67,65,64,72.8,72.8
"SE2",2023,"seca_fria",120,108,96,105,93,90,80
"SE2",2024,"calida_humeda",153,83,83,79,79,54.2,54.2
"SE2",2024,"seca_calida",92,74,74,71,71,80.4,80.4
"SE2",2024,"seca_fria",121,102,102,97,97,84.3,84.3
"SE2",2025,"calida_humeda",153,27,27,27,27,17.6,17.6
"SE2",2025,"seca_calida",92,79,79,77,76,85.9,85.9
"SE2",2025,"seca_fria",120,80,80,78,76,66.7,66.7
"SE3",2020,"calida_humeda",153,0,0,0,0,0,0
"SE3",2020,"seca_calida",92,0,0,0,0,0,0
"SE3",2020,"seca_fria",121,0,0,0,0,0,0
"SE3",2021,"calida_humeda",153,124,123,115,114,81,80.4
"SE3",2021,"seca_calida",92,48,47,45,44,52.2,51.1
"SE3",2021,"seca_fria",120,61,61,61,61,50.8,50.8
"SE3",2022,"calida_humeda",153,141,138,141,138,92.2,90.2
"SE3",2022,"seca_calida",92,88,88,88,87,95.7,95.7
"SE3",2022,"seca_fria",120,118,116,118,116,98.3,96.7
"SE3",2023,"calida_humeda",153,110,110,109,104,71.9,71.9
"SE3",2023,"seca_calida",92,28,28,28,28,30.4,30.4
"SE3",2023,"seca_fria",120,99,96,97,92,82.5,80
"SE3",2024,"calida_humeda",153,78,76,77,70,51,49.7
"SE3",2024,"seca_calida",92,0,0,0,0,0,0
"SE3",2024,"seca_fria",121,72,72,72,69,59.5,59.5
"SE3",2025,"calida_humeda",153,134,78,134,46,87.6,51
"SE3",2025,"seca_calida",92,86,83,86,76,93.5,90.2
"SE3",2025,"seca_fria",120,85,84,85,79,70.8,70
"SO",2020,"calida_humeda",153,0,0,0,0,0,0
"SO",2020,"seca_calida",92,0,0,0,0,0,0
"SO",2020,"seca_fria",121,0,0,0,0,0,0
"SO",2021,"calida_humeda",153,120,118,119,117,78.4,77.1
"SO",2021,"seca_calida",92,60,59,54,53,65.2,64.1
"SO",2021,"seca_fria",120,44,44,42,42,36.7,36.7
"SO",2022,"calida_humeda",153,115,111,113,108,75.2,72.5
"SO",2022,"seca_calida",92,89,87,89,87,96.7,94.6
"SO",2022,"seca_fria",120,113,108,113,107,94.2,90
"SO",2023,"calida_humeda",153,143,136,143,136,93.5,88.9
"SO",2023,"seca_calida",92,87,81,86,79,94.6,88
"SO",2023,"seca_fria",120,82,77,79,72,68.3,64.2
"SO",2024,"calida_humeda",153,127,108,126,107,83,70.6
"SO",2024,"seca_calida",92,77,47,76,47,83.7,51.1
"SO",2024,"seca_fria",121,94,90,94,89,77.7,74.4
"SO",2025,"calida_humeda",153,0,0,0,0,0,0
"SO",2025,"seca_calida",92,23,23,23,23,25,25
"SO",2025,"seca_fria",120,56,40,56,39,46.7,33.3
"SO2",2020,"calida_humeda",153,11,7,8,5,7.2,4.6
"SO2",2020,"seca_calida",92,0,0,0,0,0,0
"SO2",2020,"seca_fria",121,4,4,4,4,3.3,3.3
"SO2",2021,"calida_humeda",153,38,38,38,37,24.8,24.8
"SO2",2021,"seca_calida",92,45,45,42,42,48.9,48.9
"SO2",2021,"seca_fria",120,61,60,61,60,50.8,50
"SO2",2022,"calida_humeda",153,125,125,125,125,81.7,81.7
"SO2",2022,"seca_calida",92,90,90,89,89,97.8,97.8
"SO2",2022,"seca_fria",120,108,106,108,106,90,88.3
"SO2",2023,"calida_humeda",153,139,129,137,122,90.8,84.3
"SO2",2023,"seca_calida",92,91,91,91,91,98.9,98.9
"SO2",2023,"seca_fria",120,110,109,110,107,91.7,90.8
"SO2",2024,"calida_humeda",153,151,139,151,123,98.7,90.8
"SO2",2024,"seca_calida",92,77,76,76,74,83.7,82.6
"SO2",2024,"seca_fria",121,107,105,107,100,88.4,86.8
"SO2",2025,"calida_humeda",153,122,74,120,49,79.7,48.4
"SO2",2025,"seca_calida",92,84,72,84,61,91.3,78.3
"SO2",2025,"seca_fria",120,84,83,84,75,70,69.2
"SUR",2020,"calida_humeda",153,0,0,0,0,0,0
"SUR",2020,"seca_calida",92,0,0,0,0,0,0
"SUR",2020,"seca_fria",121,0,0,0,0,0,0
"SUR",2021,"calida_humeda",153,140,125,133,116,91.5,81.7
"SUR",2021,"seca_calida",92,41,31,35,25,44.6,33.7
"SUR",2021,"seca_fria",120,60,38,60,36,50,31.7
"SUR",2022,"calida_humeda",153,138,110,108,76,90.2,71.9
"SUR",2022,"seca_calida",92,80,80,73,70,87,87
"SUR",2022,"seca_fria",120,109,90,104,81,90.8,75
"SUR",2023,"calida_humeda",153,146,141,146,137,95.4,92.2
"SUR",2023,"seca_calida",92,82,54,81,52,89.1,58.7
"SUR",2023,"seca_fria",120,89,59,88,58,74.2,49.2
"SUR",2024,"calida_humeda",153,127,119,127,115,83,77.8
"SUR",2024,"seca_calida",92,49,30,49,30,53.3,32.6
"SUR",2024,"seca_fria",121,102,80,102,78,84.3,66.1
"SUR",2025,"calida_humeda",153,136,108,127,92,88.9,70.6
"SUR",2025,"seca_calida",92,68,44,68,41,73.9,47.8
"SUR",2025,"seca_fria",120,86,78,86,78,71.7,65
