"archivo","hoja","columna_fecha","n_filas","fecha_celdas_datetime","fecha_celdas_texto","fecha_celdas_numero","fecha_celdas_vacias","encabezado_en_fila1","primera","ultima","orden_estrictamente_creciente","marcas_en_punto","pct_saltos_1h","saltos_mayores_1h","salto_max_h","filas_por_dia_mediana"
"BD 2020.xlsx","CE","Fecha y hora",8784,8784,0,0,0,TRUE,"2020-01-01 00:00","2020-12-31 23:00",TRUE,1,100,0,1,24
"BD 2020.xlsx","NE","Fecha y hora",8776,8776,0,0,0,TRUE,"2020-01-01 00:00","2020-12-31 23:00",TRUE,1,99.9088319088319,8,2,24
"BD 2020.xlsx","NE2","Fecha y hora",8776,8776,0,0,0,TRUE,"2020-01-01 00:00","2020-12-31 23:00",TRUE,1,99.9088319088319,8,2,24
"BD 2020.xlsx","NO","Fecha y hora",8778,8778,0,0,0,TRUE,"2020-01-01 00:00","2020-12-31 23:00",TRUE,1,99.9316395123619,6,2,24
"BD 2020.xlsx","NO2","Fecha y hora",8776,8776,0,0,0,TRUE,"2020-01-01 00:00","2020-12-31 23:00",TRUE,1,99.9088319088319,8,2,24
"BD 2020.xlsx","NTE","Fecha y hora",8777,8777,0,0,0,TRUE,"2020-01-01 00:00","2020-12-31 23:00",TRUE,1,99.9202370100273,7,2,24
"BD 2020.xlsx","NTE2","Fecha y hora",8776,8776,0,0,0,TRUE,"2020-01-01 00:00","2020-12-31 23:00",TRUE,1,99.9088319088319,8,2,24
"BD 2020.xlsx","SE","Fecha y hora",8779,8779,0,0,0,TRUE,"2020-01-01 00:00","2020-12-31 23:00",TRUE,1,99.9430394167236,5,2,24
"BD 2020.xlsx","SE2","Fecha y hora",8776,8776,0,0,0,TRUE,"2020-01-01 00:00","2020-12-31 23:00",TRUE,1,99.9088319088319,8,2,24
"BD 2020.xlsx","SE3","Fecha y hora",8776,8776,0,0,0,TRUE,"2020-01-01 00:00","2020-12-31 23:00",TRUE,1,99.9088319088319,8,2,24
"BD 2020.xlsx","SO","Fecha y hora",8777,8777,0,0,0,TRUE,"2020-01-01 00:00","2020-12-31 23:00",TRUE,1,99.9202370100273,7,2,24
"BD 2020.xlsx","SO2","Fecha y hora",8776,8776,0,0,0,TRUE,"2020-01-01 00:00","2020-12-31 23:00",TRUE,1,99.9088319088319,8,2,24
"BD 2020.xlsx","SUR","Fecha y hora",8775,8775,0,0,0,TRUE,"2020-01-01 00:00","2020-12-31 23:00",TRUE,1,99.8974242078869,9,2,24
"BD 2021.xlsx","CE","Fecha y hora",8760,8760,0,0,0,TRUE,"2021-01-01 00:00","2021-12-31 23:00",TRUE,1,100,0,1,24
"BD 2021.xlsx","NE","Fecha y hora",8759,8759,0,0,0,TRUE,"2021-01-01 00:00","2021-12-31 23:00",TRUE,1,99.9885818680064,1,2,24
"BD 2021.xlsx","NE2","Fecha y hora",8759,8759,0,0,0,TRUE,"2021-01-01 00:00","2021-12-31 23:00",TRUE,1,99.9885818680064,1,2,24
"BD 2021.xlsx","NE3","Fecha y hora",8759,8759,0,0,0,TRUE,"2021-01-01 00:00","2021-12-31 23:00",TRUE,1,99.9885818680064,1,2,24
"BD 2021.xlsx","NO","Fecha y hora",8759,8759,0,0,0,TRUE,"2021-01-01 00:00","2021-12-31 23:00",TRUE,1,99.9885818680064,1,2,24
"BD 2021.xlsx","NO2","Fecha y hora",8759,8759,0,0,0,TRUE,"2021-01-01 00:00","2021-12-31 23:00",TRUE,1,99.9885818680064,1,2,24
"BD 2021.xlsx","NTE","Fecha y hora",8759,8759,0,0,0,TRUE,"2021-01-01 00:00","2021-12-31 23:00",TRUE,1,99.9885818680064,1,2,24
"BD 2021.xlsx","NTE2","Fecha y hora",8759,8759,0,0,0,TRUE,"2021-01-01 00:00","2021-12-31 23:00",TRUE,1,99.9885818680064,1,2,24
"BD 2021.xlsx","SE","Fecha y hora",8759,8759,0,0,0,TRUE,"2021-01-01 00:00","2021-12-31 23:00",TRUE,1,99.9885818680064,1,2,24
"BD 2021.xlsx","SE2","Fecha y hora",8760,8760,0,0,0,TRUE,"2021-01-01 00:00","2021-12-31 23:00",TRUE,1,100,0,1,24
"BD 2021.xlsx","SE3","Fecha y hora",8759,8759,0,0,0,TRUE,"2021-01-01 00:00","2021-12-31 23:00",TRUE,1,99.9885818680064,1,2,24
"BD 2021.xlsx","SO","Fecha y hora",8760,8760,0,0,0,TRUE,"2021-01-01 00:00","2021-12-31 23:00",TRUE,1,100,0,1,24
"BD 2021.xlsx","SO2","Fecha y hora",8759,8759,0,0,0,TRUE,"2021-01-01 00:00","2021-12-31 23:00",TRUE,1,99.9885818680064,1,2,24
"BD 2021.xlsx","SUR","Fecha y hora",8759,8759,0,0,0,TRUE,"2021-01-01 00:00","2021-12-31 23:00",TRUE,1,99.9885818680064,1,2,24
"BD 2022.xlsx","CE","Fecha y hora",8760,8760,0,0,0,TRUE,"2022-01-01 00:00","2022-12-31 23:00",TRUE,1,100,0,1,24
"BD 2022.xlsx","NE","Fecha y hora",8760,8760,0,0,0,TRUE,"2022-01-01 00:00","2022-12-31 23:00",TRUE,1,100,0,1,24
"BD 2022.xlsx","NE2","Fecha y hora",8760,8760,0,0,0,TRUE,"2022-01-01 00:00","2022-12-31 23:00",TRUE,1,100,0,1,24
"BD 2022.xlsx","NE3","Fecha y hora",8760,8760,0,0,0,TRUE,"2022-01-01 00:00","2022-12-31 23:00",TRUE,1,100,0,1,24
"BD 2022.xlsx","NO","Fecha y hora",8760,8760,0,0,0,TRUE,"2022-01-01 00:00","2022-12-31 23:00",TRUE,1,100,0,1,24
"BD 2022.xlsx","NO2","Fecha y hora",8760,8760,0,0,0,TRUE,"2022-01-01 00:00","2022-12-31 23:00",TRUE,1,100,0,1,24
"BD 2022.xlsx","NO3","Fecha y hora",743,743,0,0,0,TRUE,"2022-12-01 01:00","2022-12-31 23:00",TRUE,1,100,0,1,24
"BD 2022.xlsx","NTE","Fecha y hora",8760,8760,0,0,0,TRUE,"2022-01-01 00:00","2022-12-31 23:00",TRUE,1,100,0,1,24
"BD 2022.xlsx","NTE2","Fecha y hora",8760,8760,0,0,0,TRUE,"2022-01-01 00:00","2022-12-31 23:00",TRUE,1,100,0,1,24
"BD 2022.xlsx","SE","Fecha y hora",8760,8760,0,0,0,TRUE,"2022-01-01 00:00","2022-12-31 23:00",TRUE,1,100,0,1,24
"BD 2022.xlsx","SE2","Fecha y hora",8760,8760,0,0,0,TRUE,"2022-01-01 00:00","2022-12-31 23:00",TRUE,1,100,0,1,24
"BD 2022.xlsx","SE3","Fecha y hora",8760,8760,0,0,0,TRUE,"2022-01-01 00:00","2022-12-31 23:00",TRUE,1,100,0,1,24
"BD 2022.xlsx","SO","Fecha y hora",8760,8760,0,0,0,TRUE,"2022-01-01 00:00","2022-12-31 23:00",TRUE,1,100,0,1,24
"BD 2022.xlsx","SO2","Fecha y hora",8760,8760,0,0,0,TRUE,"2022-01-01 00:00","2022-12-31 23:00",TRUE,1,100,0,1,24
"BD 2022.xlsx","SUR","Fecha y hora",8760,8760,0,0,0,TRUE,"2022-01-01 00:00","2022-12-31 23:00",TRUE,1,100,0,1,24
"BD 2023.xlsx","CE","Fecha y hora",8758,8758,0,0,0,TRUE,"2023-01-01 00:00","2023-12-31 23:00",TRUE,1,99.9771611282403,2,2,24
"BD 2023.xlsx","NE","Fecha y hora",8758,8758,0,0,0,TRUE,"2023-01-01 00:00","2023-12-31 23:00",TRUE,1,99.9771611282403,2,2,24
"BD 2023.xlsx","NE2","Fecha y hora",8758,8758,0,0,0,TRUE,"2023-01-01 00:00","2023-12-31 23:00",TRUE,1,99.9771611282403,2,2,24
"BD 2023.xlsx","NE3","Fecha y hora",8757,8757,0,0,0,TRUE,"2023-01-01 00:00","2023-12-31 23:00",TRUE,1,99.9657377798081,3,2,24
"BD 2023.xlsx","NO","Fecha y hora",8758,8758,0,0,0,TRUE,"2023-01-01 00:00","2023-12-31 23:00",TRUE,1,99.9771611282403,2,2,24
"BD 2023.xlsx","NO2","Fecha y hora",8759,8759,0,0,0,TRUE,"2023-01-01 00:00","2023-12-31 23:00",TRUE,1,99.9885818680064,1,2,24
"BD 2023.xlsx","NO3","Fecha y hora",8759,8759,0,0,0,TRUE,"2023-01-01 00:00","2023-12-31 23:00",TRUE,1,99.9885818680064,1,2,24
"BD 2023.xlsx","NTE","Fecha y hora",8758,8758,0,0,0,TRUE,"2023-01-01 00:00","2023-12-31 23:00",TRUE,1,99.9771611282403,2,2,24
"BD 2023.xlsx","NTE2","Fecha y hora",8758,8758,0,0,0,TRUE,"2023-01-01 00:00","2023-12-31 23:00",TRUE,1,99.9771611282403,2,2,24
"BD 2023.xlsx","SE","Fecha y hora",8758,8758,0,0,0,TRUE,"2023-01-01 00:00","2023-12-31 23:00",TRUE,1,99.9771611282403,2,2,24
"BD 2023.xlsx","SE2","Fecha y hora",8758,8758,0,0,0,TRUE,"2023-01-01 00:00","2023-12-31 23:00",TRUE,1,99.9771611282403,2,2,24
"BD 2023.xlsx","SE3","Fecha y hora",8758,8758,0,0,0,TRUE,"2023-01-01 00:00","2023-12-31 23:00",TRUE,1,99.9771611282403,2,2,24
"BD 2023.xlsx","SO","Fecha y hora",8758,8758,0,0,0,TRUE,"2023-01-01 00:00","2023-12-31 23:00",TRUE,1,99.9771611282403,2,2,24
"BD 2023.xlsx","SO2","Fecha y hora",8758,8758,0,0,0,TRUE,"2023-01-01 00:00","2023-12-31 23:00",TRUE,1,99.9771611282403,2,2,24
"BD 2023.xlsx","SUR","Fecha y hora",8757,8757,0,0,0,TRUE,"2023-01-01 00:00","2023-12-31 23:00",TRUE,1,99.9657377798081,3,2,24
"BD 2024.xlsx","CE","Fecha y hora",8784,8784,0,0,0,TRUE,"2024-01-01 00:00","2024-12-31 23:00",TRUE,1,100,0,1,24
"BD 2024.xlsx","NE","Fecha y hora",8784,8784,0,0,0,TRUE,"2024-01-01 00:00","2024-12-31 23:00",TRUE,1,100,0,1,24
"BD 2024.xlsx","NE2","Fecha y hora",8782,8782,0,0,0,TRUE,"2024-01-01 00:00","2024-12-31 23:00",TRUE,1,99.9886117754242,1,3,24
"BD 2024.xlsx","NE3","Fecha y hora",8782,8782,0,0,0,TRUE,"2024-01-01 00:00","2024-12-31 23:00",TRUE,1,99.9886117754242,1,3,24
"BD 2024.xlsx","NO","Fecha y hora",8783,8783,0,0,0,TRUE,"2024-01-01 00:00","2024-12-31 23:00",TRUE,1,99.9886130721931,1,2,24
"BD 2024.xlsx","NO2","Fecha y hora",8782,8782,0,0,0,TRUE,"2024-01-01 00:00","2024-12-31 23:00",TRUE,1,99.9886117754242,1,3,24
"BD 2024.xlsx","NO3","Fecha y hora",8784,8784,0,0,0,TRUE,"2024-01-01 00:00","2024-12-31 23:00",TRUE,1,100,0,1,24
"BD 2024.xlsx","NTE","Fecha y hora",8782,8782,0,0,0,TRUE,"2024-01-01 00:00","2024-12-31 23:00",TRUE,1,99.9886117754242,1,3,24
"BD 2024.xlsx","NTE2","Fecha y hora",8782,8782,0,0,0,TRUE,"2024-01-01 00:00","2024-12-31 23:00",TRUE,1,99.9886117754242,1,3,24
"BD 2024.xlsx","SE","Fecha y hora",8784,8784,0,0,0,TRUE,"2024-01-01 00:00","2024-12-31 23:00",TRUE,1,100,0,1,24
"BD 2024.xlsx","SE2","Fecha y hora",8782,8782,0,0,0,TRUE,"2024-01-01 00:00","2024-12-31 23:00",TRUE,1,99.9886117754242,1,3,24
"BD 2024.xlsx","SE3","Fecha y hora",8782,8782,0,0,0,TRUE,"2024-01-01 00:00","2024-12-31 23:00",TRUE,1,99.9886117754242,1,3,24
"BD 2024.xlsx","SO","Fecha y hora",8784,8784,0,0,0,TRUE,"2024-01-01 00:00","2024-12-31 23:00",TRUE,1,100,0,1,24
"BD 2024.xlsx","SO2","Fecha y hora",8782,8782,0,0,0,TRUE,"2024-01-01 00:00","2024-12-31 23:00",TRUE,1,99.9886117754242,1,3,24
"BD 2024.xlsx","SUR","Fecha y hora",8782,8782,0,0,0,TRUE,"2024-01-01 00:00","2024-12-31 23:00",TRUE,1,99.9886117754242,1,3,24
"BD 2025.xlsx","CE","date",8759,8759,0,0,0,TRUE,"2025-01-01 00:00","2025-12-31 23:00",TRUE,1,99.9885818680064,1,2,24
"BD 2025.xlsx","NE","date",8758,8758,0,0,0,TRUE,"2025-01-01 00:00","2025-12-31 23:00",TRUE,1,99.9771611282403,2,2,24
"BD 2025.xlsx","NE2","date",8758,8758,0,0,0,TRUE,"2025-01-01 00:00","2025-12-31 23:00",TRUE,1,99.9771611282403,2,2,24
"BD 2025.xlsx","NE3","date",8759,8759,0,0,0,TRUE,"2025-01-01 00:00","2025-12-31 23:00",TRUE,1,99.9885818680064,1,2,24
"BD 2025.xlsx","NO","date",8759,8759,0,0,0,TRUE,"2025-01-01 00:00","2025-12-31 23:00",TRUE,1,99.9885818680064,1,2,24
"BD 2025.xlsx","NO2","date",8758,8758,0,0,0,TRUE,"2025-01-01 00:00","2025-12-31 23:00",TRUE,1,99.9771611282403,2,2,24
"BD 2025.xlsx","NO3","date",8759,8759,0,0,0,TRUE,"2025-01-01 00:00","2025-12-31 23:00",TRUE,1,99.9885818680064,1,2,24
"BD 2025.xlsx","NTE","date",8759,8759,0,0,0,TRUE,"2025-01-01 00:00","2025-12-31 23:00",TRUE,1,99.9885818680064,1,2,24
"BD 2025.xlsx","NTE2","date",8758,8758,0,0,0,TRUE,"2025-01-01 00:00","2025-12-31 23:00",TRUE,1,99.9771611282403,2,2,24
"BD 2025.xlsx","SE","date",8759,8759,0,0,0,TRUE,"2025-01-01 00:00","2025-12-31 23:00",TRUE,1,99.9885818680064,1,2,24
"BD 2025.xlsx","SE2","date",8759,8759,0,0,0,TRUE,"2025-01-01 00:00","2025-12-31 23:00",TRUE,1,99.9885818680064,1,2,24
"BD 2025.xlsx","SE3","date",8758,8758,0,0,0,TRUE,"2025-01-01 00:00","2025-12-31 23:00",TRUE,1,99.9771611282403,2,2,24
"BD 2025.xlsx","SO","date",8758,8758,0,0,0,TRUE,"2025-01-01 00:00","2025-12-31 23:00",TRUE,1,99.9771611282403,2,2,24
"BD 2025.xlsx","SO2","date",8758,8758,0,0,0,TRUE,"2025-01-01 00:00","2025-12-31 23:00",TRUE,1,99.9771611282403,2,2,24
"BD 2025.xlsx","SUR","date",8759,8759,0,0,0,TRUE,"2025-01-01 00:00","2025-12-31 23:00",TRUE,1,99.9885818680064,1,2,24
