"archivo","hoja","anio","filas_hoja","horas_esperadas","horas_con_marca","horas_ausentes","bloques_ausentes","bloque_ausente_max_horas","filas_fuera_del_anio","marcas_duplicadas","filas_extra_por_duplicado","primera_marca","ultima_marca"
"BD 2020.xlsx","CE",2020,8784,8784,8784,0,0,0,0,0,0,"2020-01-01 00:00","2020-12-31 23:00"
"BD 2020.xlsx","NE",2020,8776,8784,8776,8,8,1,0,0,0,"2020-01-01 00:00","2020-12-31 23:00"
"BD 2020.xlsx","NE2",2020,8776,8784,8776,8,8,1,0,0,0,"2020-01-01 00:00","2020-12-31 23:00"
"BD 2020.xlsx","NO",2020,8778,8784,8778,6,6,1,0,0,0,"2020-01-01 00:00","2020-12-31 23:00"
"BD 2020.xlsx","NO2",2020,8776,8784,8776,8,8,1,0,0,0,"2020-01-01 00:00","2020-12-31 23:00"
"BD 2020.xlsx","NTE",2020,8777,8784,8777,7,7,1,0,0,0,"2020-01-01 00:00","2020-12-31 23:00"
"BD 2020.xlsx","NTE2",2020,8776,8784,8776,8,8,1,0,0,0,"2020-01-01 00:00","2020-12-31 23:00"
"BD 2020.xlsx","SE",2020,8779,8784,8779,5,5,1,0,0,0,"2020-01-01 00:00","2020-12-31 23:00"
"BD 2020.xlsx","SE2",2020,8776,8784,8776,8,8,1,0,0,0,"2020-01-01 00:00","2020-12-31 23:00"
"BD 2020.xlsx","SE3",2020,8776,8784,8776,8,8,1,0,0,0,"2020-01-01 00:00","2020-12-31 23:00"
"BD 2020.xlsx","SO",2020,8777,8784,8777,7,7,1,0,0,0,"2020-01-01 00:00","2020-12-31 23:00"
"BD 2020.xlsx","SO2",2020,8776,8784,8776,8,8,1,0,0,0,"2020-01-01 00:00","2020-12-31 23:00"
"BD 2020.xlsx","SUR",2020,8775,8784,8775,9,9,1,0,0,0,"2020-01-01 00:00","2020-12-31 23:00"
"BD 2021.xlsx","CE",2021,8760,8760,8760,0,0,0,0,0,0,"2021-01-01 00:00","2021-12-31 23:00"
"BD 2021.xlsx","NE",2021,8759,8760,8759,1,1,1,0,0,0,"2021-01-01 00:00","2021-12-31 23:00"
"BD 2021.xlsx","NE2",2021,8759,8760,8759,1,1,1,0,0,0,"2021-01-01 00:00","2021-12-31 23:00"
"BD 2021.xlsx","NE3",2021,8759,8760,8759,1,1,1,0,0,0,"2021-01-01 00:00","2021-12-31 23:00"
"BD 2021.xlsx","NO",2021,8759,8760,8759,1,1,1,0,0,0,"2021-01-01 00:00","2021-12-31 23:00"
"BD 2021.xlsx","NO2",2021,8759,8760,8759,1,1,1,0,0,0,"2021-01-01 00:00","2021-12-31 23:00"
"BD 2021.xlsx","NTE",2021,8759,8760,8759,1,1,1,0,0,0,"2021-01-01 00:00","2021-12-31 23:00"
"BD 2021.xlsx","NTE2",2021,8759,8760,8759,1,1,1,0,0,0,"2021-01-01 00:00","2021-12-31 23:00"
"BD 2021.xlsx","SE",2021,8759,8760,8759,1,1,1,0,0,0,"2021-01-01 00:00","2021-12-31 23:00"
"BD 2021.xlsx","SE2",2021,8760,8760,8760,0,0,0,0,0,0,"2021-01-01 00:00","2021-12-31 23:00"
"BD 2021.xlsx","SE3",2021,8759,8760,8759,1,1,1,0,0,0,"2021-01-01 00:00","2021-12-31 23:00"
"BD 2021.xlsx","SO",2021,8760,8760,8760,0,0,0,0,0,0,"2021-01-01 00:00","2021-12-31 23:00"
"BD 2021.xlsx","SO2",2021,8759,8760,8759,1,1,1,0,0,0,"2021-01-01 00:00","2021-12-31 23:00"
"BD 2021.xlsx","SUR",2021,8759,8760,8759,1,1,1,0,0,0,"2021-01-01 00:00","2021-12-31 23:00"
"BD 2022.xlsx","CE",2022,8760,8760,8760,0,0,0,0,0,0,"2022-01-01 00:00","2022-12-31 23:00"
"BD 2022.xlsx","NE",2022,8760,8760,8760,0,0,0,0,0,0,"2022-01-01 00:00","2022-12-31 23:00"
"BD 2022.xlsx","NE2",2022,8760,8760,8760,0,0,0,0,0,0,"2022-01-01 00:00","2022-12-31 23:00"
"BD 2022.xlsx","NE3",2022,8760,8760,8760,0,0,0,0,0,0,"2022-01-01 00:00","2022-12-31 23:00"
"BD 2022.xlsx","NO",2022,8760,8760,8760,0,0,0,0,0,0,"2022-01-01 00:00","2022-12-31 23:00"
"BD 2022.xlsx","NO2",2022,8760,8760,8760,0,0,0,0,0,0,"2022-01-01 00:00","2022-12-31 23:00"
"BD 2022.xlsx","NO3",2022,743,8760,743,8017,1,8017,0,0,0,"2022-12-01 01:00","2022-12-31 23:00"
"BD 2022.xlsx","NTE",2022,8760,8760,8760,0,0,0,0,0,0,"2022-01-01 00:00","2022-12-31 23:00"
"BD 2022.xlsx","NTE2",2022,8760,8760,8760,0,0,0,0,0,0,"2022-01-01 00:00","2022-12-31 23:00"
"BD 2022.xlsx","SE",2022,8760,8760,8760,0,0,0,0,0,0,"2022-01-01 00:00","2022-12-31 23:00"
"BD 2022.xlsx","SE2",2022,8760,8760,8760,0,0,0,0,0,0,"2022-01-01 00:00","2022-12-31 23:00"
"BD 2022.xlsx","SE3",2022,8760,8760,8760,0,0,0,0,0,0,"2022-01-01 00:00","2022-12-31 23:00"
"BD 2022.xlsx","SO",2022,8760,8760,8760,0,0,0,0,0,0,"2022-01-01 00:00","2022-12-31 23:00"
"BD 2022.xlsx","SO2",2022,8760,8760,8760,0,0,0,0,0,0,"2022-01-01 00:00","2022-12-31 23:00"
"BD 2022.xlsx","SUR",2022,8760,8760,8760,0,0,0,0,0,0,"2022-01-01 00:00","2022-12-31 23:00"
"BD 2023.xlsx","CE",2023,8758,8760,8758,2,2,1,0,0,0,"2023-01-01 00:00","2023-12-31 23:00"
"BD 2023.xlsx","NE",2023,8758,8760,8758,2,2,1,0,0,0,"2023-01-01 00:00","2023-12-31 23:00"
"BD 2023.xlsx","NE2",2023,8758,8760,8758,2,2,1,0,0,0,"2023-01-01 00:00","2023-12-31 23:00"
"BD 2023.xlsx","NE3",2023,8757,8760,8757,3,3,1,0,0,0,"2023-01-01 00:00","2023-12-31 23:00"
"BD 2023.xlsx","NO",2023,8758,8760,8758,2,2,1,0,0,0,"2023-01-01 00:00","2023-12-31 23:00"
"BD 2023.xlsx","NO2",2023,8759,8760,8759,1,1,1,0,0,0,"2023-01-01 00:00","2023-12-31 23:00"
"BD 2023.xlsx","NO3",2023,8759,8760,8759,1,1,1,0,0,0,"2023-01-01 00:00","2023-12-31 23:00"
"BD 2023.xlsx","NTE",2023,8758,8760,8758,2,2,1,0,0,0,"2023-01-01 00:00","2023-12-31 23:00"
"BD 2023.xlsx","NTE2",2023,8758,8760,8758,2,2,1,0,0,0,"2023-01-01 00:00","2023-12-31 23:00"
"BD 2023.xlsx","SE",2023,8758,8760,8758,2,2,1,0,0,0,"2023-01-01 00:00","2023-12-31 23:00"
"BD 2023.xlsx","SE2",2023,8758,8760,8758,2,2,1,0,0,0,"2023-01-01 00:00","2023-12-31 23:00"
"BD 2023.xlsx","SE3",2023,8758,8760,8758,2,2,1,0,0,0,"2023-01-01 00:00","2023-12-31 23:00"
"BD 2023.xlsx","SO",2023,8758,8760,8758,2,2,1,0,0,0,"2023-01-01 00:00","2023-12-31 23:00"
"BD 2023.xlsx","SO2",2023,8758,8760,8758,2,2,1,0,0,0,"2023-01-01 00:00","2023-12-31 23:00"
"BD 2023.xlsx","SUR",2023,8757,8760,8757,3,3,1,0,0,0,"2023-01-01 00:00","2023-12-31 23:00"
"BD 2024.xlsx","CE",2024,8784,8784,8784,0,0,0,0,0,0,"2024-01-01 00:00","2024-12-31 23:00"
"BD 2024.xlsx","NE",2024,8784,8784,8784,0,0,0,0,0,0,"2024-01-01 00:00","2024-12-31 23:00"
"BD 2024.xlsx","NE2",2024,8782,8784,8782,2,1,2,0,0,0,"2024-01-01 00:00","2024-12-31 23:00"
"BD 2024.xlsx","NE3",2024,8782,8784,8782,2,1,2,0,0,0,"2024-01-01 00:00","2024-12-31 23:00"
"BD 2024.xlsx","NO",2024,8783,8784,8783,1,1,1,0,0,0,"2024-01-01 00:00","2024-12-31 23:00"
"BD 2024.xlsx","NO2",2024,8782,8784,8782,2,1,2,0,0,0,"2024-01-01 00:00","2024-12-31 23:00"
"BD 2024.xlsx","NO3",2024,8784,8784,8784,0,0,0,0,0,0,"2024-01-01 00:00","2024-12-31 23:00"
"BD 2024.xlsx","NTE",2024,8782,8784,8782,2,1,2,0,0,0,"2024-01-01 00:00","2024-12-31 23:00"
"BD 2024.xlsx","NTE2",2024,8782,8784,8782,2,1,2,0,0,0,"2024-01-01 00:00","2024-12-31 23:00"
"BD 2024.xlsx","SE",2024,8784,8784,8784,0,0,0,0,0,0,"2024-01-01 00:00","2024-12-31 23:00"
"BD 2024.xlsx","SE2",2024,8782,8784,8782,2,1,2,0,0,0,"2024-01-01 00:00","2024-12-31 23:00"
"BD 2024.xlsx","SE3",2024,8782,8784,8782,2,1,2,0,0,0,"2024-01-01 00:00","2024-12-31 23:00"
"BD 2024.xlsx","SO",2024,8784,8784,8784,0,0,0,0,0,0,"2024-01-01 00:00","2024-12-31 23:00"
"BD 2024.xlsx","SO2",2024,8782,8784,8782,2,1,2,0,0,0,"2024-01-01 00:00","2024-12-31 23:00"
"BD 2024.xlsx","SUR",2024,8782,8784,8782,2,1,2,0,0,0,"2024-01-01 00:00","2024-12-31 23:00"
"BD 2025.xlsx","CE",2025,8759,8760,8759,1,1,1,0,0,0,"2025-01-01 00:00","2025-12-31 23:00"
"BD 2025.xlsx","NE",2025,8758,8760,8758,2,2,1,0,0,0,"2025-01-01 00:00","2025-12-31 23:00"
"BD 2025.xlsx","NE2",2025,8758,8760,8758,2,2,1,0,0,0,"2025-01-01 00:00","2025-12-31 23:00"
"BD 2025.xlsx","NE3",2025,8759,8760,8759,1,1,1,0,0,0,"2025-01-01 00:00","2025-12-31 23:00"
"BD 2025.xlsx","NO",2025,8759,8760,8759,1,1,1,0,0,0,"2025-01-01 00:00","2025-12-31 23:00"
"BD 2025.xlsx","NO2",2025,8758,8760,8758,2,2,1,0,0,0,"2025-01-01 00:00","2025-12-31 23:00"
"BD 2025.xlsx","NO3",2025,8759,8760,8759,1,1,1,0,0,0,"2025-01-01 00:00","2025-12-31 23:00"
"BD 2025.xlsx","NTE",2025,8759,8760,8759,1,1,1,0,0,0,"2025-01-01 00:00","2025-12-31 23:00"
"BD 2025.xlsx","NTE2",2025,8758,8760,8758,2,2,1,0,0,0,"2025-01-01 00:00","2025-12-31 23:00"
"BD 2025.xlsx","SE",2025,8759,8760,8759,1,1,1,0,0,0,"2025-01-01 00:00","2025-12-31 23:00"
"BD 2025.xlsx","SE2",2025,8759,8760,8759,1,1,1,0,0,0,"2025-01-01 00:00","2025-12-31 23:00"
"BD 2025.xlsx","SE3",2025,8758,8760,8758,2,2,1,0,0,0,"2025-01-01 00:00","2025-12-31 23:00"
"BD 2025.xlsx","SO",2025,8758,8760,8758,2,2,1,0,0,0,"2025-01-01 00:00","2025-12-31 23:00"
"BD 2025.xlsx","SO2",2025,8758,8760,8758,2,2,1,0,0,0,"2025-01-01 00:00","2025-12-31 23:00"
"BD 2025.xlsx","SUR",2025,8759,8760,8759,1,1,1,0,0,0,"2025-01-01 00:00","2025-12-31 23:00"
