"archivo","hoja","anio","inicio","fin","horas"
"BD 2020.xlsx","NE",2020,2020-01-28 11:00:00,2020-01-28 11:00:00,1
"BD 2020.xlsx","NE",2020,2020-01-28 18:00:00,2020-01-28 18:00:00,1
"BD 2020.xlsx","NE",2020,2020-04-11 06:00:00,2020-04-11 06:00:00,1
"BD 2020.xlsx","NE",2020,2020-05-27 20:00:00,2020-05-27 20:00:00,1
"BD 2020.xlsx","NE",2020,2020-06-08 14:00:00,2020-06-08 14:00:00,1
"BD 2020.xlsx","NE",2020,2020-06-24 18:00:00,2020-06-24 18:00:00,1
"BD 2020.xlsx","NE",2020,2020-06-30 13:00:00,2020-06-30 13:00:00,1
"BD 2020.xlsx","NE",2020,2020-12-20 06:00:00,2020-12-20 06:00:00,1
"BD 2020.xlsx","NE2",2020,2020-01-28 11:00:00,2020-01-28 11:00:00,1
"BD 2020.xlsx","NE2",2020,2020-01-28 18:00:00,2020-01-28 18:00:00,1
"BD 2020.xlsx","NE2",2020,2020-04-11 06:00:00,2020-04-11 06:00:00,1
"BD 2020.xlsx","NE2",2020,2020-05-27 20:00:00,2020-05-27 20:00:00,1
"BD 2020.xlsx","NE2",2020,2020-06-08 14:00:00,2020-06-08 14:00:00,1
"BD 2020.xlsx","NE2",2020,2020-06-24 18:00:00,2020-06-24 18:00:00,1
"BD 2020.xlsx","NE2",2020,2020-06-30 13:00:00,2020-06-30 13:00:00,1
"BD 2020.xlsx","NE2",2020,2020-12-20 06:00:00,2020-12-20 06:00:00,1
"BD 2020.xlsx","NO",2020,2020-04-11 06:00:00,2020-04-11 06:00:00,1
"BD 2020.xlsx","NO",2020,2020-05-27 20:00:00,2020-05-27 20:00:00,1
"BD 2020.xlsx","NO",2020,2020-06-08 14:00:00,2020-06-08 14:00:00,1
"BD 2020.xlsx","NO",2020,2020-06-24 18:00:00,2020-06-24 18:00:00,1
"BD 2020.xlsx","NO",2020,2020-06-30 13:00:00,2020-06-30 13:00:00,1
"BD 2020.xlsx","NO",2020,2020-12-20 06:00:00,2020-12-20 06:00:00,1
"BD 2020.xlsx","NO2",2020,2020-01-28 11:00:00,2020-01-28 11:00:00,1
"BD 2020.xlsx","NO2",2020,2020-01-28 18:00:00,2020-01-28 18:00:00,1
"BD 2020.xlsx","NO2",2020,2020-04-11 06:00:00,2020-04-11 06:00:00,1
"BD 2020.xlsx","NO2",2020,2020-05-27 20:00:00,2020-05-27 20:00:00,1
"BD 2020.xlsx","NO2",2020,2020-06-08 14:00:00,2020-06-08 14:00:00,1
"BD 2020.xlsx","NO2",2020,2020-06-24 18:00:00,2020-06-24 18:00:00,1
"BD 2020.xlsx","NO2",2020,2020-06-30 13:00:00,2020-06-30 13:00:00,1
"BD 2020.xlsx","NO2",2020,2020-12-20 06:00:00,2020-12-20 06:00:00,1
"BD 2020.xlsx","NTE",2020,2020-01-28 11:00:00,2020-01-28 11:00:00,1
"BD 2020.xlsx","NTE",2020,2020-01-28 18:00:00,2020-01-28 18:00:00,1
"BD 2020.xlsx","NTE",2020,2020-04-11 06:00:00,2020-04-11 06:00:00,1
"BD 2020.xlsx","NTE",2020,2020-05-27 20:00:00,2020-05-27 20:00:00,1
"BD 2020.xlsx","NTE",2020,2020-06-08 14:00:00,2020-06-08 14:00:00,1
"BD 2020.xlsx","NTE",2020,2020-06-24 18:00:00,2020-06-24 18:00:00,1
"BD 2020.xlsx","NTE",2020,2020-06-30 13:00:00,2020-06-30 13:00:00,1
"BD 2020.xlsx","NTE2",2020,2020-01-28 11:00:00,2020-01-28 11:00:00,1
"BD 2020.xlsx","NTE2",2020,2020-01-28 18:00:00,2020-01-28 18:00:00,1
"BD 2020.xlsx","NTE2",2020,2020-04-11 06:00:00,2020-04-11 06:00:00,1
"BD 2020.xlsx","NTE2",2020,2020-05-27 20:00:00,2020-05-27 20:00:00,1
"BD 2020.xlsx","NTE2",2020,2020-06-08 14:00:00,2020-06-08 14:00:00,1
"BD 2020.xlsx","NTE2",2020,2020-06-24 18:00:00,2020-06-24 18:00:00,1
"BD 2020.xlsx","NTE2",2020,2020-06-30 13:00:00,2020-06-30 13:00:00,1
"BD 2020.xlsx","NTE2",2020,2020-12-20 06:00:00,2020-12-20 06:00:00,1
"BD 2020.xlsx","SE",2020,2020-01-28 18:00:00,2020-01-28 18:00:00,1
"BD 2020.xlsx","SE",2020,2020-04-11 06:00:00,2020-04-11 06:00:00,1
"BD 2020.xlsx","SE",2020,2020-05-27 20:00:00,2020-05-27 20:00:00,1
"BD 2020.xlsx","SE",2020,2020-06-24 18:00:00,2020-06-24 18:00:00,1
"BD 2020.xlsx","SE",2020,2020-12-20 06:00:00,2020-12-20 06:00:00,1
"BD 2020.xlsx","SE2",2020,2020-01-28 11:00:00,2020-01-28 11:00:00,1
"BD 2020.xlsx","SE2",2020,2020-01-28 18:00:00,2020-01-28 18:00:00,1
"BD 2020.xlsx","SE2",2020,2020-04-11 06:00:00,2020-04-11 06:00:00,1
"BD 2020.xlsx","SE2",2020,2020-05-27 20:00:00,2020-05-27 20:00:00,1
"BD 2020.xlsx","SE2",2020,2020-06-08 14:00:00,2020-06-08 14:00:00,1
"BD 2020.xlsx","SE2",2020,2020-06-24 18:00:00,2020-06-24 18:00:00,1
"BD 2020.xlsx","SE2",2020,2020-06-30 13:00:00,2020-06-30 13:00:00,1
"BD 2020.xlsx","SE2",2020,2020-12-20 06:00:00,2020-12-20 06:00:00,1
"BD 2020.xlsx","SE3",2020,2020-01-28 11:00:00,2020-01-28 11:00:00,1
"BD 2020.xlsx","SE3",2020,2020-01-28 18:00:00,2020-01-28 18:00:00,1
"BD 2020.xlsx","SE3",2020,2020-04-11 06:00:00,2020-04-11 06:00:00,1
"BD 2020.xlsx","SE3",2020,2020-05-27 20:00:00,2020-05-27 20:00:00,1
"BD 2020.xlsx","SE3",2020,2020-06-08 14:00:00,2020-06-08 14:00:00,1
"BD 2020.xlsx","SE3",2020,2020-06-24 18:00:00,2020-06-24 18:00:00,1
"BD 2020.xlsx","SE3",2020,2020-06-30 13:00:00,2020-06-30 13:00:00,1
"BD 2020.xlsx","SE3",2020,2020-12-20 06:00:00,2020-12-20 06:00:00,1
"BD 2020.xlsx","SO",2020,2020-01-28 11:00:00,2020-01-28 11:00:00,1
"BD 2020.xlsx","SO",2020,2020-01-28 18:00:00,2020-01-28 18:00:00,1
"BD 2020.xlsx","SO",2020,2020-04-11 06:00:00,2020-04-11 06:00:00,1
"BD 2020.xlsx","SO",2020,2020-05-27 20:00:00,2020-05-27 20:00:00,1
"BD 2020.xlsx","SO",2020,2020-06-08 14:00:00,2020-06-08 14:00:00,1
"BD 2020.xlsx","SO",2020,2020-06-24 18:00:00,2020-06-24 18:00:00,1
"BD 2020.xlsx","SO",2020,2020-12-20 06:00:00,2020-12-20 06:00:00,1
"BD 2020.xlsx","SO2",2020,2020-01-28 11:00:00,2020-01-28 11:00:00,1
"BD 2020.xlsx","SO2",2020,2020-01-28 18:00:00,2020-01-28 18:00:00,1
"BD 2020.xlsx","SO2",2020,2020-04-11 06:00:00,2020-04-11 06:00:00,1
"BD 2020.xlsx","SO2",2020,2020-05-27 20:00:00,2020-05-27 20:00:00,1
"BD 2020.xlsx","SO2",2020,2020-06-08 14:00:00,2020-06-08 14:00:00,1
"BD 2020.xlsx","SO2",2020,2020-06-24 18:00:00,2020-06-24 18:00:00,1
"BD 2020.xlsx","SO2",2020,2020-06-30 13:00:00,2020-06-30 13:00:00,1
"BD 2020.xlsx","SO2",2020,2020-12-20 06:00:00,2020-12-20 06:00:00,1
"BD 2020.xlsx","SUR",2020,2020-01-28 11:00:00,2020-01-28 11:00:00,1
"BD 2020.xlsx","SUR",2020,2020-01-28 18:00:00,2020-01-28 18:00:00,1
"BD 2020.xlsx","SUR",2020,2020-04-07 18:00:00,2020-04-07 18:00:00,1
"BD 2020.xlsx","SUR",2020,2020-04-11 06:00:00,2020-04-11 06:00:00,1
"BD 2020.xlsx","SUR",2020,2020-05-27 20:00:00,2020-05-27 20:00:00,1
"BD 2020.xlsx","SUR",2020,2020-06-08 14:00:00,2020-06-08 14:00:00,1
"BD 2020.xlsx","SUR",2020,2020-06-24 18:00:00,2020-06-24 18:00:00,1
"BD 2020.xlsx","SUR",2020,2020-06-30 13:00:00,2020-06-30 13:00:00,1
"BD 2020.xlsx","SUR",2020,2020-12-20 06:00:00,2020-12-20 06:00:00,1
"BD 2021.xlsx","NE",2021,2021-04-19 09:00:00,2021-04-19 09:00:00,1
"BD 2021.xlsx","NE2",2021,2021-04-19 09:00:00,2021-04-19 09:00:00,1
"BD 2021.xlsx","NE3",2021,2021-04-19 09:00:00,2021-04-19 09:00:00,1
"BD 2021.xlsx","NO",2021,2021-04-19 09:00:00,2021-04-19 09:00:00,1
"BD 2021.xlsx","NO2",2021,2021-04-19 09:00:00,2021-04-19 09:00:00,1
"BD 2021.xlsx","NTE",2021,2021-04-19 09:00:00,2021-04-19 09:00:00,1
"BD 2021.xlsx","NTE2",2021,2021-04-19 09:00:00,2021-04-19 09:00:00,1
"BD 2021.xlsx","SE",2021,2021-04-19 09:00:00,2021-04-19 09:00:00,1
"BD 2021.xlsx","SE3",2021,2021-04-19 09:00:00,2021-04-19 09:00:00,1
"BD 2021.xlsx","SO2",2021,2021-04-19 09:00:00,2021-04-19 09:00:00,1
"BD 2021.xlsx","SUR",2021,2021-04-19 09:00:00,2021-04-19 09:00:00,1
"BD 2022.xlsx","NO3",2022,2022-01-01,2022-12-01,8017
"BD 2023.xlsx","CE",2023,2023-02-11 19:00:00,2023-02-11 19:00:00,1
"BD 2023.xlsx","CE",2023,2023-10-31 17:00:00,2023-10-31 17:00:00,1
"BD 2023.xlsx","NE",2023,2023-02-11 19:00:00,2023-02-11 19:00:00,1
"BD 2023.xlsx","NE",2023,2023-10-31 17:00:00,2023-10-31 17:00:00,1
"BD 2023.xlsx","NE2",2023,2023-02-11 19:00:00,2023-02-11 19:00:00,1
"BD 2023.xlsx","NE2",2023,2023-10-31 17:00:00,2023-10-31 17:00:00,1
"BD 2023.xlsx","NE3",2023,2023-01-12 17:00:00,2023-01-12 17:00:00,1
"BD 2023.xlsx","NE3",2023,2023-02-11 19:00:00,2023-02-11 19:00:00,1
"BD 2023.xlsx","NE3",2023,2023-10-31 17:00:00,2023-10-31 17:00:00,1
"BD 2023.xlsx","NO",2023,2023-02-11 19:00:00,2023-02-11 19:00:00,1
"BD 2023.xlsx","NO",2023,2023-10-31 17:00:00,2023-10-31 17:00:00,1
"BD 2023.xlsx","NO2",2023,2023-02-11 19:00:00,2023-02-11 19:00:00,1
"BD 2023.xlsx","NO3",2023,2023-10-31 17:00:00,2023-10-31 17:00:00,1
"BD 2023.xlsx","NTE",2023,2023-02-11 19:00:00,2023-02-11 19:00:00,1
"BD 2023.xlsx","NTE",2023,2023-10-31 17:00:00,2023-10-31 17:00:00,1
"BD 2023.xlsx","NTE2",2023,2023-02-11 19:00:00,2023-02-11 19:00:00,1
"BD 2023.xlsx","NTE2",2023,2023-10-31 17:00:00,2023-10-31 17:00:00,1
"BD 2023.xlsx","SE",2023,2023-02-11 19:00:00,2023-02-11 19:00:00,1
"BD 2023.xlsx","SE",2023,2023-10-31 17:00:00,2023-10-31 17:00:00,1
"BD 2023.xlsx","SE2",2023,2023-02-11 19:00:00,2023-02-11 19:00:00,1
"BD 2023.xlsx","SE2",2023,2023-10-31 17:00:00,2023-10-31 17:00:00,1
"BD 2023.xlsx","SE3",2023,2023-02-11 19:00:00,2023-02-11 19:00:00,1
"BD 2023.xlsx","SE3",2023,2023-10-31 17:00:00,2023-10-31 17:00:00,1
"BD 2023.xlsx","SO",2023,2023-02-11 19:00:00,2023-02-11 19:00:00,1
"BD 2023.xlsx","SO",2023,2023-10-31 17:00:00,2023-10-31 17:00:00,1
"BD 2023.xlsx","SO2",2023,2023-02-11 19:00:00,2023-02-11 19:00:00,1
"BD 2023.xlsx","SO2",2023,2023-10-31 17:00:00,2023-10-31 17:00:00,1
"BD 2023.xlsx","SUR",2023,2023-01-12 17:00:00,2023-01-12 17:00:00,1
"BD 2023.xlsx","SUR",2023,2023-02-11 19:00:00,2023-02-11 19:00:00,1
"BD 2023.xlsx","SUR",2023,2023-10-31 17:00:00,2023-10-31 17:00:00,1
"BD 2024.xlsx","NE2",2024,2024-04-20 13:00:00,2024-04-20 14:00:00,2
"BD 2024.xlsx","NE3",2024,2024-04-20 13:00:00,2024-04-20 14:00:00,2
"BD 2024.xlsx","NO",2024,2024-10-23 12:00:00,2024-10-23 12:00:00,1
"BD 2024.xlsx","NO2",2024,2024-04-20 13:00:00,2024-04-20 14:00:00,2
"BD 2024.xlsx","NTE",2024,2024-04-20 13:00:00,2024-04-20 14:00:00,2
"BD 2024.xlsx","NTE2",2024,2024-04-20 13:00:00,2024-04-20 14:00:00,2
"BD 2024.xlsx","SE2",2024,2024-04-20 13:00:00,2024-04-20 14:00:00,2
"BD 2024.xlsx","SE3",2024,2024-04-20 13:00:00,2024-04-20 14:00:00,2
"BD 2024.xlsx","SO2",2024,2024-04-20 13:00:00,2024-04-20 14:00:00,2
"BD 2024.xlsx","SUR",2024,2024-04-20 13:00:00,2024-04-20 14:00:00,2
"BD 2025.xlsx","CE",2025,2025-10-09 19:00:00,2025-10-09 19:00:00,1
"BD 2025.xlsx","NE",2025,2025-03-02 05:00:00,2025-03-02 05:00:00,1
"BD 2025.xlsx","NE",2025,2025-10-09 19:00:00,2025-10-09 19:00:00,1
"BD 2025.xlsx","NE2",2025,2025-03-02 05:00:00,2025-03-02 05:00:00,1
"BD 2025.xlsx","NE2",2025,2025-10-09 19:00:00,2025-10-09 19:00:00,1
"BD 2025.xlsx","NE3",2025,2025-03-02 05:00:00,2025-03-02 05:00:00,1
"BD 2025.xlsx","NO",2025,2025-03-02 05:00:00,2025-03-02 05:00:00,1
"BD 2025.xlsx","NO2",2025,2025-03-02 05:00:00,2025-03-02 05:00:00,1
"BD 2025.xlsx","NO2",2025,2025-10-09 19:00:00,2025-10-09 19:00:00,1
"BD 2025.xlsx","NO3",2025,2025-03-02 05:00:00,2025-03-02 05:00:00,1
"BD 2025.xlsx","NTE",2025,2025-10-09 19:00:00,2025-10-09 19:00:00,1
"BD 2025.xlsx","NTE2",2025,2025-03-02 05:00:00,2025-03-02 05:00:00,1
"BD 2025.xlsx","NTE2",2025,2025-10-09 19:00:00,2025-10-09 19:00:00,1
"BD 2025.xlsx","SE",2025,2025-01-02 18:00:00,2025-01-02 18:00:00,1
"BD 2025.xlsx","SE2",2025,2025-03-02 05:00:00,2025-03-02 05:00:00,1
"BD 2025.xlsx","SE3",2025,2025-03-02 05:00:00,2025-03-02 05:00:00,1
"BD 2025.xlsx","SE3",2025,2025-10-09 19:00:00,2025-10-09 19:00:00,1
"BD 2025.xlsx","SO",2025,2025-03-02 05:00:00,2025-03-02 05:00:00,1
"BD 2025.xlsx","SO",2025,2025-10-09 19:00:00,2025-10-09 19:00:00,1
"BD 2025.xlsx","SO2",2025,2025-03-02 05:00:00,2025-03-02 05:00:00,1
"BD 2025.xlsx","SO2",2025,2025-10-09 19:00:00,2025-10-09 19:00:00,1
"BD 2025.xlsx","SUR",2025,2025-03-02 05:00:00,2025-03-02 05:00:00,1
