"estacion","horas_comparables","inconsistentes","horas_comparables_obs","inconsistentes_obs","pct_inconsistente","pct_inconsistente_obs"
"CE",48550,907,47609,833,1.87,1.75
"NE",41007,26,40521,7,0.06,0.02
"NE2",38295,128,37899,92,0.33,0.24
"NE3",41076,4724,40139,4556,11.5,11.35
"NO",40308,317,38179,260,0.79,0.68
"NO2",46690,92,44891,66,0.2,0.15
"NO3",19453,3,19252,2,0.02,0.01
"NTE",40744,385,39527,267,0.94,0.68
"NTE2",43573,3680,43186,3544,8.45,8.21
"SE",40873,70,39708,40,0.17,0.1
"SE2",41745,61,40556,2,0.15,0
"SE3",51484,207,50572,153,0.4,0.3
"SO",41291,17,40714,4,0.04,0.01
"SO2",47569,36,46743,6,0.08,0.01
"SUR",41096,38,40045,14,0.09,0.03
