"estacion","anio","horas_comparables","inconsistentes","pct_inconsistente"
"CE",2020,7750,1,0.01
"CE",2021,7063,1,0.01
"CE",2022,8255,1,0.01
"CE",2023,8284,0,0
"CE",2024,8501,120,1.41
"CE",2025,7756,710,9.15
"NE",2020,0,0,
"NE",2021,7128,3,0.04
"NE",2022,8578,1,0.01
"NE",2023,8605,1,0.01
"NE",2024,8616,1,0.01
"NE",2025,7594,1,0.01
"NE2",2020,171,1,0.58
"NE2",2021,7059,2,0.03
"NE2",2022,8505,0,0
"NE2",2023,8572,0,0
"NE2",2024,8511,0,0
"NE2",2025,5081,89,1.75
"NE3",2021,8270,0,0
"NE3",2022,8324,0,0
"NE3",2023,8178,755,9.23
"NE3",2024,8210,598,7.28
"NE3",2025,7157,3203,44.75
"NO",2020,828,2,0.24
"NO",2021,7880,2,0.03
"NO",2022,7508,1,0.01
"NO",2023,8308,0,0
"NO",2024,6608,0,0
"NO",2025,7047,255,3.62
"NO2",2020,5270,38,0.72
"NO2",2021,8153,2,0.02
"NO2",2022,8521,5,0.06
"NO2",2023,8587,2,0.02
"NO2",2024,8339,10,0.12
"NO2",2025,6021,9,0.15
"NO3",2022,743,1,0.13
"NO3",2023,7359,1,0.01
"NO3",2024,7509,0,0
"NO3",2025,3641,0,0
"NTE",2020,0,0,
"NTE",2021,5837,267,4.57
"NTE",2022,8435,0,0
"NTE",2023,8304,0,0
"NTE",2024,8484,0,0
"NTE",2025,8467,0,0
"NTE2",2020,1568,7,0.45
"NTE2",2021,6944,3536,50.92
"NTE2",2022,8692,0,0
"NTE2",2023,8699,0,0
"NTE2",2024,8665,0,0
"NTE2",2025,8618,1,0.01
"SE",2020,0,0,
"SE",2021,5981,25,0.42
"SE",2022,8378,13,0.16
"SE",2023,8516,0,0
"SE",2024,8601,2,0.02
"SE",2025,8232,0,0
"SE2",2020,849,0,0
"SE2",2021,6563,0,0
"SE2",2022,8296,0,0
"SE2",2023,8584,0,0
"SE2",2024,8032,0,0
"SE2",2025,8232,2,0.02
"SE3",2020,8603,0,0
"SE3",2021,7975,148,1.86
"SE3",2022,8448,1,0.01
"SE3",2023,8460,1,0.01
"SE3",2024,8534,3,0.04
"SE3",2025,8552,0,0
"SO",2020,446,0,0
"SO",2021,6864,0,0
"SO",2022,8480,1,0.01
"SO",2023,8470,1,0.01
"SO",2024,8494,1,0.01
"SO",2025,7960,1,0.01
"SO2",2020,4380,2,0.05
"SO2",2021,7994,1,0.01
"SO2",2022,8491,1,0.01
"SO2",2023,8561,0,0
"SO2",2024,8680,1,0.01
"SO2",2025,8637,1,0.01
"SUR",2020,0,0,
"SUR",2021,6952,13,0.19
"SUR",2022,8482,0,0
"SUR",2023,8310,0,0
"SUR",2024,8248,1,0.01
"SUR",2025,8053,0,0
