"variable","horas_esperadas","horas_presentes","pct_faltante","fuera_rango","fuera_rango_bajo","fuera_rango_alto","pct_fuera_rango","negativos","rachas_horas","rachas_horas_no_cero"
"CO",762792,654161,14.2412348320381,24,0,24,0.00366882158979212,0,1064,1064
"NO",762792,628222,17.641768660395,284,0,284,0.045206949135815,0,10965,10965
"NO2",762792,623499,18.2609413837586,0,0,0,0,0,6296,6290
"NOX",762792,627657,17.7158386558852,223,2,221,0.0355289592882737,2,3107,3107
"O3",762792,643443,15.6463360916213,7,0,7,0.00108789745167793,0,39,39
"PM10",762792,719676,5.65239278859768,4,0,4,0.000555805668106203,0,105,105
"PM2.5",762792,564250,26.0283275126116,0,0,0,0,0,426,426
"PRS",762792,716271,6.09877922159645,8172,6637,1535,1.14090895764313,0,14906,14906
"RAINF",762792,718843,5.76159687044436,32,1,31,0.00445159791498283,1,702210,86
"RH",762792,668739,12.3300978510524,294,9,285,0.0439633399577414,9,8542,8542
"SO2",762792,641156,15.9461557016854,1,0,1,0.000155968282290113,0,11869,11869
"SR",762792,727000,4.69223589130458,1186,265,921,0.163136176066025,265,338083,59679
"TOUT",762792,702166,7.94790716210972,517,513,4,0.0736293127266202,1625,0,0
"WSR",762792,702737,7.87305058259656,1704,1,1703,0.242480472780002,1,73,73
"WDR",762792,691582,9.33544137851472,1,1,0,0.000144596013198724,1,0,0
