"variable","anio","horas_validas_adoptado","fuera_operacion_bajo","fuera_operacion_alto","eliminadas_con_operacion_estricta","pct"
"PRS","2020",98274,0,0,0,0
"TOUT","2020",100916,39,0,39,0.039
"PRS","2021",115453,211,208,419,0.363
"TOUT","2021",113947,6,0,6,0.005
"PRS","2022",119737,5753,490,6243,5.214
"TOUT","2022",120701,0,0,0,0
"PRS","2023",128415,154,290,444,0.346
"TOUT","2023",129250,7,0,7,0.005
"PRS","2024",127067,246,106,352,0.277
"TOUT","2024",120614,36,0,36,0.03
"PRS","2025",124170,1,436,437,0.352
"TOUT","2025",115785,0,0,0,0
"PRS","total",713116,6365,1530,7895,1.107
"TOUT","total",701213,88,0,88,0.013
