predictor,coef_estandarizado,correlacion_estructura
estNE,-0.104138070509927,0.0247694314955012
estNE2,-0.0828334982428919,0.054213596784828
estNO,-0.0581574674207521,0.0700506320670909
estNO2,-0.226100905788403,-0.143529587525848
estNTE,-0.235350505709262,-0.0762152956236911
estNTE2,-0.337056642048599,-0.0928232778539233
estSE,-0.274828826704509,-0.151130525082204
estSE2,0.0675653962040191,0.337716901069666
estSE3,-0.382064602624988,-0.16897885005089
estSO,0.228653939294943,0.291204620645709
estSO2,-0.238069868227871,-0.139889190152129
estSUR,-0.46455888599715,-0.235311292721204
temseca_calida,0.535203377771212,0.163739982527114
temseca_fria,1,0.375400018211051
TOUT,0.436093113259562,-0.0620017166914709
RH,-0.0655189283257684,-0.0460830149566927
SR,-0.120914438812453,-0.0403128742035023
PRS,-0.593456299377367,-0.360775637618361
viento_rapidez_ms,-0.597134696181734,-0.518935789982125
viento_u,-0.0614082537436536,0.319059883908653
viento_v,0.0582870517723407,-0.0290278838382233
horas_lluvia,-0.0938571760175624,-0.162431735744196
