analisis,n,prevalencia,auc_M0,auc_M1,d_auc,d_auc_li,d_auc_ls,eb_M0,eb_M1,d_eb,d_eb_li,d_eb_ls,bloques,dias_bloque,auc_M0_li,auc_M0_ls,auc_M0_principal,n_entrena
"Principal: LDA, bloques de 14 dias",3505,0.247075606276748,0.748951812701116,0.828593919419754,0.0796421067186377,0.0430260448483478,0.119848563763675,0.688793825430761,0.734233215219916,0.0454393897891548,0.0174862815125794,0.0740729582582376,27,14,,,,
Robustez: logistica,3505,0.247075606276748,0.752394575242389,0.828272309040008,0.0758777337976192,0.0351136463709165,0.120934133565661,0.682026880501835,0.732807190420474,0.050780309918639,0.0204044068443414,0.0819127647504279,27,14,,,,
a) bloques de 7 dias,3505,0.247075606276748,0.748951812701116,0.828593919419754,0.0796421067186377,0.044571792867616,0.119642782306343,0.688793825430761,0.734233215219916,0.0454393897891548,0.0199434858750288,0.0720665675593647,53,7,,,,
a) bloques de 28 dias,3505,0.247075606276748,0.748951812701116,0.828593919419754,0.0796421067186377,0.0412230363832534,0.123851112241325,0.688793825430761,0.734233215219916,0.0454393897891548,0.0225724878770399,0.0722872753355406,14,28,,,,
b) umbral 15 ug/m3,3505,0.631383737517832,0.716616139642053,0.823437777613007,0.106821637970954,0.0717084787755425,0.14840714690822,0.650202189706477,0.7228687715008,0.0726665817943226,0.0467918056965834,0.105421858831718,27,14,,,,
c) PM2.5 solo con horas observadas,3405,0.257856093979442,0.743954358982218,0.825469440295379,0.0815150813131619,0.0434929156925985,0.122457602401979,0.687753131780416,0.732312663327183,0.0445595315467664,0.0151755866213065,0.0751107631968652,27,14,,,,
d) M1 con PC1-PC3,3505,0.247075606276748,0.748951812701116,0.81871282337158,0.0697610106704636,0.034352709630679,0.109437015101223,0.688793825430761,0.736155876456107,0.0473620510253463,0.0235151147778138,0.0725954848980917,27,14,,,,
e) interaccion estacion x temporada,3505,0.247075606276748,0.751873872722802,0.834759212277728,0.0828853395549263,0.0455361451759595,0.125203133203326,0.690978806969888,0.746828746629655,0.0558499396597668,0.0279774690955768,0.0871028423261621,27,14,,,,
f) log de la rapidez del viento,3505,0.247075606276748,0.748951812701116,0.835729731763816,0.0867779190627005,0.0495113309572379,0.126567129271502,0.688793825430761,0.745258106550613,0.0564642811198517,0.027680095461758,0.0844139397366002,27,14,,,,
g) solo M0 en la muestra con solo PM2.5 valido,4133,0.239293491410598,0.724410468075034,,,,,0.652505004155121,,,,,27,14,0.65373928086592,0.788343467950005,0.748951812701116,8535
