anio,variable_pdf,variable,minimo,maximo,unidad,nota_pdf
2020,PM10,PM10,0,800,ug/m3,
2020,PM2.5,PM2.5,0,205.94,ug/m3,
2020,O3,O3,0,153,ppb,Omitir máximo de NTE2
2020,NO,NO,0,500,ppb,
2020,NO2,NO2,0,200,ppb,
2020,NOx,NOX,0,500,ppb,
2020,SO2,SO2,0,200,ppb,
2020,CO,CO,0,20,ppm,
2020,RH,RH,0,100,%,
2020,WS,WSR,0,75,km/h,No considerar valor por arriba de 75 km/h.
2020,TEMP,TOUT,0,41,C,
2020,SR,SR,0,1,kW/m2,No considerar lecturas por encima de este rango.
2020,BP,PRS,690,750,mm Hg,No considerar valores fuera del rango.
2020,WD,WDR,0,360,grados,
2020,RAINF,RAINF,0,30,mm/h,
2021,PM10,PM10,0,800,ug/m3,
2021,PM2.5,PM2.5,0,325,ug/m3,
2021,O3,O3,0,175,ppb,
2021,NO,NO,0,350,ppb,No considerar valor por encima del límite máximo.
2021,NO2,NO2,0,100,ppb,No considerar valores menores.
2021,NOx,NOX,0,400,ppb,
2021,SO2,SO2,0,300,ppb,
2021,CO,CO,0,10,ppm,
2021,RH,RH,0,100,%,
2021,WS,WSR,0,40,km/h,
2021,TEMP,TOUT,-6.5,45,C,
2021,SR,SR,0,1,kW/m2,No considerar lecturas por encima de este rango.
2021,BP,PRS,690,740,mm Hg,
2021,WD,WDR,0,360,grados,
2021,RAINF,RAINF,0,80,mm/h,
2022,PM10,PM10,0,999,ug/m3,
2022,PM2.5,PM2.5,0,450,ug/m3,
2022,O3,O3,0,160,ppb,
2022,NO,NO,0,400,ppb,
2022,NO2,NO2,0,175,ppb,
2022,NOx,NOX,0,420,ppb,
2022,SO2,SO2,0,200,ppb,
2022,CO,CO,0,8,ppm,
2022,RH,RH,0,100,%,
2022,WS,WSR,0,35,km/h,
2022,TEMP,TOUT,-5,45,C,
2022,SR,SR,0,1.25,kW/m2,
2022,BP,PRS,700,740,mm Hg,
2022,WD,WDR,0,360,grados,
2022,RAINF,RAINF,0,25,mm/h,
2023,PM10,PM10,0,900,ug/m3,
2023,PM2.5,PM2.5,0,800,ug/m3,
2023,O3,O3,0,175,ppb,
2023,NO,NO,0,500,ppb,
2023,NO2,NO2,0,175,ppb,
2023,NOx,NOX,0,500,ppb,
2023,SO2,SO2,0,250,ppb,
2023,CO,CO,0,14,ppm,
2023,RH,RH,0,100,%,
2023,WS,WSR,0,40,km/h,
2023,TEMP,TOUT,0,45,C,
2023,SR,SR,0,1,kW/m2,
2023,BP,PRS,690,740,mm Hg,
2023,WD,WDR,0,360,grados,
2023,RAINF,RAINF,0,70,mm/h,
2024,PM10,PM10,0,999,ug/m3,
2024,PM2.5,PM2.5,0,999,ug/m3,
2024,O3,O3,0,180,ppb,
2024,NO,NO,0,400,ppb,
2024,NO2,NO2,0,130,ppb,
2024,NOx,NOX,0,500,ppb,
2024,SO2,SO2,0,150,ppb,
2024,CO,CO,0,18,ppm,
2024,RH,RH,0,100,%,
2024,WS,WSR,0,38,km/h,
2024,TEMP,TOUT,-4,45.5,C,
2024,SR,SR,0,1.26,kW/m2,
2024,BP,PRS,687.5,740,mm Hg,
2024,WD,WDR,0,360,grados,
2024,RAINF,RAINF,0,50,mm/h,
2025,PM10,PM10,0,820,ug/m3,
2025,PM2.5,PM2.5,0,350,ug/m3,
2025,O3,O3,0,185,ppb,
2025,NO,NO,0,350,ppb,
2025,NO2,NO2,0,175,ppb,
2025,NOx,NOX,0,400,ppb,
2025,SO2,SO2,0,405,ppb,
2025,CO,CO,0,10,ppm,
2025,RH,RH,0,100,%,
2025,WS,WSR,0,40,km/h,
2025,TEMP,TOUT,-4.5,45,C,
2025,SR,SR,0,1.2,kW/m2,
2025,BP,PRS,688,740,mm Hg,
2025,WD,WDR,0,360,grados,
2025,RAINF,RAINF,0,25,mm/h,
